Filename,Time (ps),LJ Energy (kJ/mol),Distance (nm)
dhdl_modified_28.xvg,0.0,2.826348515267969e+18,0.028
dhdl_modified_29.xvg,0.0,1.8816809725927096e+18,0.029
dhdl_modified_30.xvg,0.0,1.2695828494098104e+18,0.03
dhdl_modified_31.xvg,0.0,8.673625293937705e+17,0.031
dhdl_modified_32.xvg,0.0,5.995594987381719e+17,0.032
dhdl_modified_33.xvg,0.0,4.190367662473216e+17,0.033
dhdl_modified_34.xvg,0.0,2.9592599547346944e+17,0.034
dhdl_modified_35.xvg,0.0,2.1104210008132813e+17,0.035
dhdl_modified_36.xvg,0.0,1.519079423779799e+17,0.036
dhdl_modified_37.xvg,0.0,1.1030563501847347e+17,0.037
dhdl_modified_38.xvg,0.0,8.076529663318426e+16,0.038
dhdl_modified_39.xvg,0.0,5.960464560082125e+16,0.039
dhdl_modified_40.xvg,0.0,4.431937239043277e+16,0.04
dhdl_modified_41.xvg,0.0,3.319007918686208e+16,0.041
dhdl_modified_42.xvg,0.0,2.502520677072896e+16,0.042
dhdl_modified_43.xvg,0.0,1.8991933066051584e+16,0.043
dhdl_modified_44.xvg,0.0,1.4502758086344704e+16,0.044
dhdl_modified_45.xvg,0.0,1.11405546078208e+16,0.045
dhdl_modified_46.xvg,0.0,8606475584798720.0,0.046
dhdl_modified_47.xvg,0.0,6685051097972736.0,0.047
dhdl_modified_48.xvg,0.0,5219711335792640.0,0.048
dhdl_modified_49.xvg,0.0,4095996493561856.0,0.049
dhdl_modified_50.xvg,0.0,3229672062058496.0,0.05
dhdl_modified_51.xvg,0.0,2558354178179072.0,0.051
dhdl_modified_52.xvg,0.0,2035588341432320.0,0.052
dhdl_modified_53.xvg,0.0,1626577666310144.0,0.053
dhdl_modified_54.xvg,0.0,1305111443800064.0,0.054
dhdl_modified_55.xvg,0.0,1051340214108160.0,0.055
dhdl_modified_56.xvg,0.0,850160724738048.0,0.056
dhdl_modified_57.xvg,0.0,690022667780096.0,0.057
dhdl_modified_58.xvg,0.0,562050795307008.0,0.058
dhdl_modified_59.xvg,0.0,459394164719616.0,0.059
dhdl_modified_60.xvg,0.0,376739935027200.0,0.06
dhdl_modified_61.xvg,0.0,309956280582144.0,0.061
dhdl_modified_62.xvg,0.0,255807497175040.0,0.062
dhdl_modified_63.xvg,0.0,211758077706240.0,0.063
dhdl_modified_64.xvg,0.0,175808211582976.0,0.064
dhdl_modified_65.xvg,0.0,146377048850432.0,0.065
dhdl_modified_66.xvg,0.0,122208923942912.0,0.066
dhdl_modified_67.xvg,0.0,102304082558976.0,0.067
dhdl_modified_68.xvg,0.0,85863904051200.0,0.068
dhdl_modified_69.xvg,0.0,72247649763328.0,0.069
dhdl_modified_70.xvg,0.0,60939617435648.0,0.07
dhdl_modified_71.xvg,0.0,51523987963904.0,0.071
dhdl_modified_72.xvg,0.0,43664256532480.0,0.072
dhdl_modified_73.xvg,0.0,37086845468672.0,0.073
dhdl_modified_74.xvg,0.0,31569311956992.0,0.074
dhdl_modified_75.xvg,0.0,26930034245632.0,0.075
dhdl_modified_76.xvg,0.0,23020288606208.0,0.076
dhdl_modified_77.xvg,0.0,19718085804032.0,0.077
dhdl_modified_78.xvg,0.0,16922869497856.0,0.078
dhdl_modified_79.xvg,0.0,14551893409792.0,0.079
dhdl_modified_80.xvg,0.0,12536602689536.0,0.08
dhdl_modified_81.xvg,0.0,10820170809344.0,0.081
dhdl_modified_82.xvg,0.0,9355408703488.0,0.082
dhdl_modified_83.xvg,0.0,8103049822208.0,0.083
dhdl_modified_84.xvg,0.0,7030278979584.0,0.084
dhdl_modified_85.xvg,0.0,6109680631808.0,0.085
dhdl_modified_86.xvg,0.0,5318242729984.0,0.086
dhdl_modified_87.xvg,0.0,4636693495808.0,0.087
dhdl_modified_88.xvg,0.0,4048739106816.0,0.088
dhdl_modified_89.xvg,0.0,3540706656256.0,0.089
dhdl_modified_90.xvg,0.0,3101009117184.0,0.09
dhdl_modified_91.xvg,0.0,2719856984064.0,0.091
dhdl_modified_92.xvg,0.0,2388932952064.0,0.092
dhdl_modified_93.xvg,0.0,2101188886528.0,0.093
dhdl_modified_94.xvg,0.0,1850618413056.0,0.094
dhdl_modified_95.xvg,0.0,1632093077504.0,0.095
dhdl_modified_96.xvg,0.0,1441248313344.0,0.096
dhdl_modified_97.xvg,0.0,1274344112128.0,0.097
dhdl_modified_98.xvg,0.0,1128176025600.0,0.098
dhdl_modified_99.xvg,0.0,999998160896.0,0.099
dhdl_modified_100.xvg,0.0,887446437888.0,0.1
dhdl_modified_101.xvg,0.0,788491272192.0,0.101
dhdl_modified_102.xvg,0.0,701379313664.0,0.102
dhdl_modified_103.xvg,0.0,624597401600.0,0.103
dhdl_modified_104.xvg,0.0,556836782080.0,0.104
dhdl_modified_105.xvg,0.0,496968335360.0,0.105
dhdl_modified_106.xvg,0.0,444011511808.0,0.106
dhdl_modified_107.xvg,0.0,397113065472.0,0.107
dhdl_modified_108.xvg,0.0,355533979648.0,0.108
dhdl_modified_109.xvg,0.0,318630723584.0,0.109
dhdl_modified_110.xvg,0.0,285840343040.0,0.11
dhdl_modified_111.xvg,0.0,256674627584.0,0.111
dhdl_modified_112.xvg,0.0,230705512448.0,0.112
dhdl_modified_113.xvg,0.0,207558672384.0,0.113
dhdl_modified_114.xvg,0.0,186906935296.0,0.114
dhdl_modified_115.xvg,0.0,168462368768.0,0.115
dhdl_modified_116.xvg,0.0,151973920768.0,0.116
dhdl_modified_117.xvg,0.0,137219072000.0,0.117
dhdl_modified_118.xvg,0.0,124003844096.0,0.118
dhdl_modified_119.xvg,0.0,112156450816.0,0.119
dhdl_modified_120.xvg,0.0,101525217280.0,0.12
dhdl_modified_121.xvg,0.0,91977228288.0,0.121
dhdl_modified_122.xvg,0.0,83394437120.0,0.122
dhdl_modified_123.xvg,0.0,75672535040.0,0.123
dhdl_modified_124.xvg,0.0,68719214592.0,0.124
dhdl_modified_125.xvg,0.0,62452846592.0,0.125
dhdl_modified_126.xvg,0.0,56800600064.0,0.126
dhdl_modified_127.xvg,0.0,51698606080.0,0.127
dhdl_modified_128.xvg,0.0,47089209344.0,0.128
dhdl_modified_129.xvg,0.0,42921783296.0,0.129
dhdl_modified_130.xvg,0.0,39150923776.0,0.13
dhdl_modified_131.xvg,0.0,35736342528.0,0.131
dhdl_modified_132.xvg,0.0,32642078720.0,0.132
dhdl_modified_133.xvg,0.0,29835933696.0,0.133
dhdl_modified_134.xvg,0.0,27289298944.0,0.134
dhdl_modified_135.xvg,0.0,24976379904.0,0.135
dhdl_modified_136.xvg,0.0,22874421248.0,0.136
dhdl_modified_137.xvg,0.0,20962695168.0,0.137
dhdl_modified_138.xvg,0.0,19222908928.0,0.138
dhdl_modified_139.xvg,0.0,17638471680.0,0.139
dhdl_modified_140.xvg,0.0,16194469888.0,0.14
dhdl_modified_141.xvg,0.0,14877728768.0,0.141
dhdl_modified_142.xvg,0.0,13676140544.0,0.142
dhdl_modified_143.xvg,0.0,12579006464.0,0.143
dhdl_modified_144.xvg,0.0,11576551424.0,0.144
dhdl_modified_145.xvg,0.0,10660100096.0,0.145
dhdl_modified_146.xvg,0.0,9821737984.0,0.146
dhdl_modified_147.xvg,0.0,9054301184.0,0.147
dhdl_modified_148.xvg,0.0,8351416832.0,0.148
dhdl_modified_149.xvg,0.0,7707256832.0,0.149
dhdl_modified_150.xvg,0.0,7116576256.0,0.15
dhdl_modified_151.xvg,0.0,6574625280.0,0.151
dhdl_modified_152.xvg,0.0,6077112320.0,0.152
dhdl_modified_153.xvg,0.0,5620113920.0,0.153
dhdl_modified_154.xvg,0.0,5200118272.0,0.154
dhdl_modified_155.xvg,0.0,4813906432.0,0.155
dhdl_modified_156.xvg,0.0,4458591232.0,0.156
dhdl_modified_157.xvg,0.0,4131503360.0,0.157
dhdl_modified_158.xvg,0.0,3830248448.0,0.158
dhdl_modified_159.xvg,0.0,3552654080.0,0.159
dhdl_modified_160.xvg,0.0,3296713216.0,0.16
dhdl_modified_161.xvg,0.0,3060636160.0,0.161
dhdl_modified_162.xvg,0.0,2842759168.0,0.162
dhdl_modified_163.xvg,0.0,2641588992.0,0.163
dhdl_modified_164.xvg,0.0,2455748608.0,0.164
dhdl_modified_165.xvg,0.0,2283987200.0,0.165
dhdl_modified_166.xvg,0.0,2125167616.0,0.166
dhdl_modified_167.xvg,0.0,1978238464.0,0.167
dhdl_modified_168.xvg,0.0,1842252160.0,0.168
dhdl_modified_169.xvg,0.0,1716334464.0,0.169
dhdl_modified_170.xvg,0.0,1599690496.0,0.17
dhdl_modified_171.xvg,0.0,1491579904.0,0.171
dhdl_modified_172.xvg,0.0,1391344256.0,0.172
dhdl_modified_173.xvg,0.0,1298366208.0,0.173
dhdl_modified_174.xvg,0.0,1212078336.0,0.174
dhdl_modified_175.xvg,0.0,1131969536.0,0.175
dhdl_modified_176.xvg,0.0,1057564352.0,0.176
dhdl_modified_177.xvg,0.0,988430784.0,0.177
dhdl_modified_178.xvg,0.0,924162560.0,0.178
dhdl_modified_179.xvg,0.0,864400320.0,0.179
dhdl_modified_180.xvg,0.0,808803008.0,0.18
dhdl_modified_181.xvg,0.0,757055232.0,0.181
dhdl_modified_182.xvg,0.0,708876608.0,0.182
dhdl_modified_183.xvg,0.0,664000960.0,0.183
dhdl_modified_184.xvg,0.0,622188416.0,0.184
dhdl_modified_185.xvg,0.0,583211840.0,0.185
dhdl_modified_186.xvg,0.0,546867264.0,0.186
dhdl_modified_187.xvg,0.0,512963264.0,0.187
dhdl_modified_188.xvg,0.0,481324960.0,0.188
dhdl_modified_189.xvg,0.0,451789664.0,0.189
dhdl_modified_190.xvg,0.0,424207552.0,0.19
dhdl_modified_191.xvg,0.0,398440128.0,0.191
dhdl_modified_192.xvg,0.0,374359840.0,0.192
dhdl_modified_193.xvg,0.0,351848800.0,0.193
dhdl_modified_194.xvg,0.0,330796160.0,0.194
dhdl_modified_195.xvg,0.0,311101408.0,0.195
dhdl_modified_196.xvg,0.0,292671296.0,0.196
dhdl_modified_197.xvg,0.0,275417248.0,0.197
dhdl_modified_198.xvg,0.0,259260288.0,0.198
dhdl_modified_199.xvg,0.0,244124784.0,0.199
dhdl_modified_200.xvg,0.0,229942144.0,0.2
dhdl_modified_201.xvg,0.0,216647584.0,0.201
dhdl_modified_202.xvg,0.0,204181904.0,0.202
dhdl_modified_203.xvg,0.0,192489408.0,0.203
dhdl_modified_204.xvg,0.0,181518592.0,0.204
dhdl_modified_205.xvg,0.0,171222160.0,0.205
dhdl_modified_206.xvg,0.0,161555040.0,0.206
dhdl_modified_207.xvg,0.0,152477056.0,0.207
dhdl_modified_208.xvg,0.0,143948880.0,0.208
dhdl_modified_209.xvg,0.0,135934672.0,0.209
dhdl_modified_210.xvg,0.0,128402072.0,0.21
dhdl_modified_211.xvg,0.0,121319184.0,0.211
dhdl_modified_212.xvg,0.0,114657920.0,0.212
dhdl_modified_213.xvg,0.0,108390840.0,0.213
dhdl_modified_214.xvg,0.0,102493280.0,0.214
dhdl_modified_215.xvg,0.0,96941640.0,0.215
dhdl_modified_216.xvg,0.0,91714352.0,0.216
dhdl_modified_217.xvg,0.0,86791256.0,0.217
dhdl_modified_218.xvg,0.0,82152792.0,0.218
dhdl_modified_219.xvg,0.0,77781888.0,0.219
dhdl_modified_220.xvg,0.0,73661688.0,0.22
dhdl_modified_221.xvg,0.0,69777016.0,0.221
dhdl_modified_222.xvg,0.0,66113116.0,0.222
dhdl_modified_223.xvg,0.0,62656844.0,0.223
dhdl_modified_224.xvg,0.0,59395508.0,0.224
dhdl_modified_225.xvg,0.0,56317144.0,0.225
dhdl_modified_226.xvg,0.0,53411004.0,0.226
dhdl_modified_227.xvg,0.0,50666408.0,0.227
dhdl_modified_228.xvg,0.0,48074160.0,0.228
dhdl_modified_229.xvg,0.0,45624808.0,0.229
dhdl_modified_230.xvg,0.0,43310204.0,0.23
dhdl_modified_231.xvg,0.0,41122196.0,0.231
dhdl_modified_232.xvg,0.0,39053452.0,0.232
dhdl_modified_233.xvg,0.0,37096964.0,0.233
dhdl_modified_234.xvg,0.0,35246168.0,0.234
dhdl_modified_235.xvg,0.0,33495016.0,0.235
dhdl_modified_236.xvg,0.0,31837750.0,0.236
dhdl_modified_237.xvg,0.0,30268918.0,0.237
dhdl_modified_238.xvg,0.0,28783566.0,0.238
dhdl_modified_239.xvg,0.0,27376764.0,0.239
dhdl_modified_240.xvg,0.0,26044182.0,0.24
dhdl_modified_241.xvg,0.0,24781498.0,0.241
dhdl_modified_242.xvg,0.0,23584964.0,0.242
dhdl_modified_243.xvg,0.0,22450686.0,0.243
dhdl_modified_244.xvg,0.0,21375344.0,0.244
dhdl_modified_245.xvg,0.0,20355528.0,0.245
dhdl_modified_246.xvg,0.0,19388188.0,0.246
dhdl_modified_247.xvg,0.0,18470538.0,0.247
dhdl_modified_248.xvg,0.0,17599652.0,0.248
dhdl_modified_249.xvg,0.0,16773110.0,0.249
dhdl_modified_250.xvg,0.0,15988435.0,0.25
dhdl_modified_251.xvg,0.0,15243411.0,0.251
dhdl_modified_252.xvg,0.0,14535834.0,0.252
dhdl_modified_253.xvg,0.0,13863668.0,0.253
dhdl_modified_254.xvg,0.0,13225082.0,0.254
dhdl_modified_255.xvg,0.0,12618213.0,0.255
dhdl_modified_256.xvg,0.0,12041403.0,0.256
dhdl_modified_257.xvg,0.0,11493051.0,0.257
dhdl_modified_258.xvg,0.0,10971636.0,0.258
dhdl_modified_259.xvg,0.0,10475750.0,0.259
dhdl_modified_260.xvg,0.0,10004067.0,0.26
dhdl_modified_261.xvg,0.0,9555301.0,0.261
dhdl_modified_262.xvg,0.0,9128246.0,0.262
dhdl_modified_263.xvg,0.0,8721785.0,0.263
dhdl_modified_264.xvg,0.0,8334866.5,0.264
dhdl_modified_265.xvg,0.0,7966478.5,0.265
dhdl_modified_266.xvg,0.0,7615650.0,0.266
dhdl_modified_267.xvg,0.0,7281506.5,0.267
dhdl_modified_268.xvg,0.0,6963184.0,0.268
dhdl_modified_269.xvg,0.0,6659886.0,0.269
dhdl_modified_270.xvg,0.0,6370833.5,0.27
dhdl_modified_271.xvg,0.0,6095318.0,0.271
dhdl_modified_272.xvg,0.0,5832684.0,0.272
dhdl_modified_273.xvg,0.0,5582239.0,0.273
dhdl_modified_274.xvg,0.0,5343420.5,0.274
dhdl_modified_275.xvg,0.0,5115625.5,0.275
dhdl_modified_276.xvg,0.0,4898301.5,0.276
dhdl_modified_277.xvg,0.0,4690960.5,0.277
dhdl_modified_278.xvg,0.0,4493082.0,0.278
dhdl_modified_279.xvg,0.0,4304221.0,0.279
dhdl_modified_280.xvg,0.0,4123917.5,0.28
dhdl_modified_281.xvg,0.0,3951770.5,0.281
dhdl_modified_282.xvg,0.0,3787382.25,0.282
dhdl_modified_283.xvg,0.0,3630379.0,0.283
dhdl_modified_284.xvg,0.0,3480398.0,0.284
dhdl_modified_285.xvg,0.0,3337102.75,0.285
dhdl_modified_286.xvg,0.0,3200182.0,0.286
dhdl_modified_287.xvg,0.0,3069317.0,0.287
dhdl_modified_288.xvg,0.0,2944239.0,0.288
dhdl_modified_289.xvg,0.0,2824658.25,0.289
dhdl_modified_290.xvg,0.0,2710316.25,0.29
dhdl_modified_291.xvg,0.0,2600975.5,0.291
dhdl_modified_292.xvg,0.0,2496393.25,0.292
dhdl_modified_293.xvg,0.0,2396352.5,0.293
dhdl_modified_294.xvg,0.0,2300640.75,0.294
dhdl_modified_295.xvg,0.0,2209059.25,0.295
dhdl_modified_296.xvg,0.0,2121406.0,0.296
dhdl_modified_297.xvg,0.0,2037511.5,0.297
dhdl_modified_298.xvg,0.0,1957199.375,0.298
dhdl_modified_299.xvg,0.0,1880304.125,0.299
dhdl_modified_300.xvg,0.0,1806670.875,0.3
dhdl_modified_301.xvg,0.0,1736147.875,0.301
dhdl_modified_302.xvg,0.0,1668599.625,0.302
dhdl_modified_303.xvg,0.0,1603885.875,0.303
dhdl_modified_304.xvg,0.0,1541885.25,0.304
dhdl_modified_305.xvg,0.0,1482470.875,0.305
dhdl_modified_306.xvg,0.0,1425525.875,0.306
dhdl_modified_307.xvg,0.0,1370945.0,0.307
dhdl_modified_308.xvg,0.0,1318620.875,0.308
dhdl_modified_309.xvg,0.0,1268451.0,0.309
dhdl_modified_310.xvg,0.0,1220342.875,0.31
dhdl_modified_311.xvg,0.0,1174205.625,0.311
dhdl_modified_312.xvg,0.0,1129949.75,0.312
dhdl_modified_313.xvg,0.0,1087496.125,0.313
dhdl_modified_314.xvg,0.0,1046764.75,0.314
dhdl_modified_315.xvg,0.0,1007677.5625,0.315
dhdl_modified_316.xvg,0.0,970169.625,0.316
dhdl_modified_317.xvg,0.0,934167.375,0.317
dhdl_modified_318.xvg,0.0,899609.6875,0.318
dhdl_modified_319.xvg,0.0,866430.4375,0.319
dhdl_modified_320.xvg,0.0,834573.0625,0.32
dhdl_modified_321.xvg,0.0,803979.375,0.321
dhdl_modified_322.xvg,0.0,774597.5625,0.322
dhdl_modified_323.xvg,0.0,746374.6875,0.323
dhdl_modified_324.xvg,0.0,719262.5625,0.324
dhdl_modified_325.xvg,0.0,693212.875,0.325
dhdl_modified_326.xvg,0.0,668183.1875,0.326
dhdl_modified_327.xvg,0.0,644128.6875,0.327
dhdl_modified_328.xvg,0.0,621008.9375,0.328
dhdl_modified_329.xvg,0.0,598785.0,0.329
dhdl_modified_330.xvg,0.0,577420.625,0.33
dhdl_modified_331.xvg,0.0,556879.0,0.331
dhdl_modified_332.xvg,0.0,537126.3125,0.332
dhdl_modified_333.xvg,0.0,518130.6875,0.333
dhdl_modified_334.xvg,0.0,499859.5625,0.334
dhdl_modified_335.xvg,0.0,482284.59375,0.335
dhdl_modified_336.xvg,0.0,465376.53125,0.336
dhdl_modified_337.xvg,0.0,449108.40625,0.337
dhdl_modified_338.xvg,0.0,433454.9375,0.338
dhdl_modified_339.xvg,0.0,418390.09375,0.339
dhdl_modified_340.xvg,0.0,403890.65625,0.34
dhdl_modified_341.xvg,0.0,389934.25,0.341
dhdl_modified_342.xvg,0.0,376498.40625,0.342
dhdl_modified_343.xvg,0.0,363562.03125,0.343
dhdl_modified_344.xvg,0.0,351105.6875,0.344
dhdl_modified_345.xvg,0.0,339109.90625,0.345
dhdl_modified_346.xvg,0.0,327557.65625,0.346
dhdl_modified_347.xvg,0.0,316429.0625,0.347
dhdl_modified_348.xvg,0.0,305710.15625,0.348
dhdl_modified_349.xvg,0.0,295382.0625,0.349
dhdl_modified_350.xvg,0.0,285431.4375,0.35
dhdl_modified_351.xvg,0.0,275842.25,0.351
dhdl_modified_352.xvg,0.0,266601.40625,0.352
dhdl_modified_353.xvg,0.0,257694.21875,0.353
dhdl_modified_354.xvg,0.0,249108.875,0.354
dhdl_modified_355.xvg,0.0,240832.53125,0.355
dhdl_modified_356.xvg,0.0,232852.625,0.356
dhdl_modified_357.xvg,0.0,225158.296875,0.357
dhdl_modified_358.xvg,0.0,217738.84375,0.358
dhdl_modified_359.xvg,0.0,210583.015625,0.359
dhdl_modified_360.xvg,0.0,203681.1875,0.36
dhdl_modified_361.xvg,0.0,197023.75,0.361
dhdl_modified_362.xvg,0.0,190601.171875,0.362
dhdl_modified_363.xvg,0.0,184404.734375,0.363
dhdl_modified_364.xvg,0.0,178425.71875,0.364
dhdl_modified_365.xvg,0.0,172656.0625,0.365
dhdl_modified_366.xvg,0.0,167087.765625,0.366
dhdl_modified_367.xvg,0.0,161713.5625,0.367
dhdl_modified_368.xvg,0.0,156525.84375,0.368
dhdl_modified_369.xvg,0.0,151517.8125,0.369
dhdl_modified_370.xvg,0.0,146682.8125,0.37
dhdl_modified_371.xvg,0.0,142014.25,0.371
dhdl_modified_372.xvg,0.0,137506.40625,0.372
dhdl_modified_373.xvg,0.0,133152.8125,0.373
dhdl_modified_374.xvg,0.0,128948.140625,0.374
dhdl_modified_375.xvg,0.0,124886.8125,0.375
dhdl_modified_376.xvg,0.0,120963.726562,0.376
dhdl_modified_377.xvg,0.0,117173.632812,0.377
dhdl_modified_378.xvg,0.0,113511.664062,0.378
dhdl_modified_379.xvg,0.0,109973.273438,0.379
dhdl_modified_380.xvg,0.0,106554.023438,0.38
dhdl_modified_381.xvg,0.0,103249.5,0.381
dhdl_modified_382.xvg,0.0,100055.53125,0.382
dhdl_modified_383.xvg,0.0,96968.398438,0.383
dhdl_modified_384.xvg,0.0,93984.132812,0.384
dhdl_modified_385.xvg,0.0,91098.914062,0.385
dhdl_modified_386.xvg,0.0,88309.3125,0.386
dhdl_modified_387.xvg,0.0,85612.070312,0.387
dhdl_modified_388.xvg,0.0,83003.726562,0.388
dhdl_modified_389.xvg,0.0,80480.929688,0.389
dhdl_modified_390.xvg,0.0,78041.226562,0.39
dhdl_modified_391.xvg,0.0,75681.195312,0.391
dhdl_modified_392.xvg,0.0,73398.34375,0.392
dhdl_modified_393.xvg,0.0,71189.820312,0.393
dhdl_modified_394.xvg,0.0,69052.9375,0.394
dhdl_modified_395.xvg,0.0,66985.28125,0.395
dhdl_modified_396.xvg,0.0,64984.546875,0.396
dhdl_modified_397.xvg,0.0,63048.304688,0.397
dhdl_modified_398.xvg,0.0,61174.273438,0.398
dhdl_modified_399.xvg,0.0,59360.453125,0.399
dhdl_modified_400.xvg,0.0,57604.714844,0.4
dhdl_modified_401.xvg,0.0,55904.980469,0.401
dhdl_modified_402.xvg,0.0,54259.382812,0.402
dhdl_modified_403.xvg,0.0,52665.992188,0.403
dhdl_modified_404.xvg,0.0,51123.300781,0.404
dhdl_modified_405.xvg,0.0,49629.308594,0.405
dhdl_modified_406.xvg,0.0,48182.339844,0.406
dhdl_modified_407.xvg,0.0,46781.007812,0.407
dhdl_modified_408.xvg,0.0,45423.714844,0.408
dhdl_modified_409.xvg,0.0,44108.828125,0.409
dhdl_modified_410.xvg,0.0,42835.078125,0.41
dhdl_modified_411.xvg,0.0,41601.015625,0.411
dhdl_modified_412.xvg,0.0,40405.308594,0.412
dhdl_modified_413.xvg,0.0,39246.742188,0.413
dhdl_modified_414.xvg,0.0,38123.996094,0.414
dhdl_modified_415.xvg,0.0,37036.003906,0.415
dhdl_modified_416.xvg,0.0,35981.34375,0.416
dhdl_modified_417.xvg,0.0,34959.183594,0.417
dhdl_modified_418.xvg,0.0,33968.390625,0.418
dhdl_modified_419.xvg,0.0,33007.921875,0.419
dhdl_modified_420.xvg,0.0,32076.677734,0.42
dhdl_modified_421.xvg,0.0,31173.839844,0.421
dhdl_modified_422.xvg,0.0,30298.451172,0.422
dhdl_modified_423.xvg,0.0,29449.554688,0.423
dhdl_modified_424.xvg,0.0,28626.365234,0.424
dhdl_modified_425.xvg,0.0,27827.927734,0.425
dhdl_modified_426.xvg,0.0,27053.601562,0.426
dhdl_modified_427.xvg,0.0,26302.505859,0.427
dhdl_modified_428.xvg,0.0,25573.912109,0.428
dhdl_modified_429.xvg,0.0,24867.052734,0.429
dhdl_modified_430.xvg,0.0,24181.285156,0.43
dhdl_modified_431.xvg,0.0,23515.970703,0.431
dhdl_modified_432.xvg,0.0,22870.375,0.432
dhdl_modified_433.xvg,0.0,22243.916016,0.433
dhdl_modified_434.xvg,0.0,21635.945312,0.434
dhdl_modified_435.xvg,0.0,21045.939453,0.435
dhdl_modified_436.xvg,0.0,20473.296875,0.436
dhdl_modified_437.xvg,0.0,19917.416016,0.437
dhdl_modified_438.xvg,0.0,19377.865234,0.438
dhdl_modified_439.xvg,0.0,18854.037109,0.439
dhdl_modified_440.xvg,0.0,18345.535156,0.44
dhdl_modified_441.xvg,0.0,17851.824219,0.441
dhdl_modified_442.xvg,0.0,17372.427734,0.442
dhdl_modified_443.xvg,0.0,16906.898438,0.443
dhdl_modified_444.xvg,0.0,16454.859375,0.444
dhdl_modified_445.xvg,0.0,16015.845703,0.445
dhdl_modified_446.xvg,0.0,15589.467773,0.446
dhdl_modified_447.xvg,0.0,15175.34082,0.447
dhdl_modified_448.xvg,0.0,14773.061523,0.448
dhdl_modified_449.xvg,0.0,14382.293945,0.449
dhdl_modified_450.xvg,0.0,14002.6875,0.45
dhdl_modified_451.xvg,0.0,13633.882812,0.451
dhdl_modified_452.xvg,0.0,13275.540039,0.452
dhdl_modified_453.xvg,0.0,12927.351562,0.453
dhdl_modified_454.xvg,0.0,12589.026367,0.454
dhdl_modified_455.xvg,0.0,12260.260742,0.455
dhdl_modified_456.xvg,0.0,11940.740234,0.456
dhdl_modified_457.xvg,0.0,11630.182617,0.457
dhdl_modified_458.xvg,0.0,11328.371094,0.458
dhdl_modified_459.xvg,0.0,11034.998047,0.459
dhdl_modified_460.xvg,0.0,10749.792969,0.46
dhdl_modified_461.xvg,0.0,10472.563477,0.461
dhdl_modified_462.xvg,0.0,10203.004883,0.462
dhdl_modified_463.xvg,0.0,9940.958008,0.463
dhdl_modified_464.xvg,0.0,9686.15918,0.464
dhdl_modified_465.xvg,0.0,9438.417969,0.465
dhdl_modified_466.xvg,0.0,9197.481445,0.466
dhdl_modified_467.xvg,0.0,8963.1875,0.467
dhdl_modified_468.xvg,0.0,8735.328125,0.468
dhdl_modified_469.xvg,0.0,8513.708984,0.469
dhdl_modified_470.xvg,0.0,8298.155273,0.47
dhdl_modified_471.xvg,0.0,8088.469727,0.471
dhdl_modified_472.xvg,0.0,7884.515625,0.472
dhdl_modified_473.xvg,0.0,7686.09375,0.473
dhdl_modified_474.xvg,0.0,7493.059082,0.474
dhdl_modified_475.xvg,0.0,7305.253906,0.475
dhdl_modified_476.xvg,0.0,7122.504883,0.476
dhdl_modified_477.xvg,0.0,6944.702148,0.477
dhdl_modified_478.xvg,0.0,6771.677246,0.478
dhdl_modified_479.xvg,0.0,6603.303223,0.479
dhdl_modified_480.xvg,0.0,6439.428223,0.48
dhdl_modified_481.xvg,0.0,6279.933105,0.481
dhdl_modified_482.xvg,0.0,6124.711914,0.482
dhdl_modified_483.xvg,0.0,5973.603027,0.483
dhdl_modified_484.xvg,0.0,5826.521484,0.484
dhdl_modified_485.xvg,0.0,5683.34375,0.485
dhdl_modified_486.xvg,0.0,5543.954102,0.486
dhdl_modified_487.xvg,0.0,5408.245605,0.487
dhdl_modified_488.xvg,0.0,5276.115723,0.488
dhdl_modified_489.xvg,0.0,5147.471191,0.489
dhdl_modified_490.xvg,0.0,5022.191895,0.49
dhdl_modified_491.xvg,0.0,4900.209473,0.491
dhdl_modified_492.xvg,0.0,4781.413086,0.492
dhdl_modified_493.xvg,0.0,4665.718262,0.493
dhdl_modified_494.xvg,0.0,4553.037598,0.494
dhdl_modified_495.xvg,0.0,4443.291504,0.495
dhdl_modified_496.xvg,0.0,4336.388672,0.496
dhdl_modified_497.xvg,0.0,4232.256836,0.497
dhdl_modified_498.xvg,0.0,4130.816895,0.498
dhdl_modified_499.xvg,0.0,4031.997559,0.499
dhdl_modified_500.xvg,0.0,3935.726562,0.5
dhdl_modified_501.xvg,0.0,3841.922852,0.501
dhdl_modified_502.xvg,0.0,3750.533691,0.502
dhdl_modified_503.xvg,0.0,3661.482422,0.503
dhdl_modified_504.xvg,0.0,3574.701904,0.504
dhdl_modified_505.xvg,0.0,3490.138916,0.505
dhdl_modified_506.xvg,0.0,3407.730957,0.506
dhdl_modified_507.xvg,0.0,3327.413574,0.507
dhdl_modified_508.xvg,0.0,3249.131836,0.508
dhdl_modified_509.xvg,0.0,3172.837646,0.509
dhdl_modified_510.xvg,0.0,3098.470215,0.51
dhdl_modified_511.xvg,0.0,3025.979492,0.511
dhdl_modified_512.xvg,0.0,2955.310547,0.512
dhdl_modified_513.xvg,0.0,2886.415283,0.513
dhdl_modified_514.xvg,0.0,2819.253174,0.514
dhdl_modified_515.xvg,0.0,2753.771973,0.515
dhdl_modified_516.xvg,0.0,2689.927002,0.516
dhdl_modified_517.xvg,0.0,2627.671387,0.517
dhdl_modified_518.xvg,0.0,2566.963135,0.518
dhdl_modified_519.xvg,0.0,2507.77002,0.519
dhdl_modified_520.xvg,0.0,2450.04126,0.52
dhdl_modified_521.xvg,0.0,2393.74292,0.521
dhdl_modified_522.xvg,0.0,2338.837158,0.522
dhdl_modified_523.xvg,0.0,2285.284668,0.523
dhdl_modified_524.xvg,0.0,2233.048828,0.524
dhdl_modified_525.xvg,0.0,2182.0979,0.525
dhdl_modified_526.xvg,0.0,2132.399414,0.526
dhdl_modified_527.xvg,0.0,2083.910645,0.527
dhdl_modified_528.xvg,0.0,2036.61377,0.528
dhdl_modified_529.xvg,0.0,1990.470215,0.529
dhdl_modified_530.xvg,0.0,1945.449341,0.53
dhdl_modified_531.xvg,0.0,1901.520996,0.531
dhdl_modified_532.xvg,0.0,1858.661255,0.532
dhdl_modified_533.xvg,0.0,1816.837402,0.533
dhdl_modified_534.xvg,0.0,1776.026978,0.534
dhdl_modified_535.xvg,0.0,1736.203247,0.535
dhdl_modified_536.xvg,0.0,1697.332764,0.536
dhdl_modified_537.xvg,0.0,1659.401733,0.537
dhdl_modified_538.xvg,0.0,1622.381104,0.538
dhdl_modified_539.xvg,0.0,1586.248047,0.539
dhdl_modified_540.xvg,0.0,1550.979004,0.54
dhdl_modified_541.xvg,0.0,1516.549438,0.541
dhdl_modified_542.xvg,0.0,1482.944092,0.542
dhdl_modified_543.xvg,0.0,1450.136475,0.543
dhdl_modified_544.xvg,0.0,1418.109375,0.544
dhdl_modified_545.xvg,0.0,1386.841187,0.545
dhdl_modified_546.xvg,0.0,1356.3125,0.546
dhdl_modified_547.xvg,0.0,1326.506104,0.547
dhdl_modified_548.xvg,0.0,1297.404297,0.548
dhdl_modified_549.xvg,0.0,1268.985962,0.549
dhdl_modified_550.xvg,0.0,1241.236694,0.55
dhdl_modified_551.xvg,0.0,1214.136353,0.551
dhdl_modified_552.xvg,0.0,1187.674072,0.552
dhdl_modified_553.xvg,0.0,1161.828003,0.553
dhdl_modified_554.xvg,0.0,1136.588135,0.554
dhdl_modified_555.xvg,0.0,1111.933594,0.555
dhdl_modified_556.xvg,0.0,1087.854858,0.556
dhdl_modified_557.xvg,0.0,1064.335449,0.557
dhdl_modified_558.xvg,0.0,1041.360229,0.558
dhdl_modified_559.xvg,0.0,1018.917419,0.559
dhdl_modified_560.xvg,0.0,996.993225,0.56
dhdl_modified_561.xvg,0.0,975.574463,0.561
dhdl_modified_562.xvg,0.0,954.650269,0.562
dhdl_modified_563.xvg,0.0,934.205994,0.563
dhdl_modified_564.xvg,0.0,914.230957,0.564
dhdl_modified_565.xvg,0.0,894.713135,0.565
dhdl_modified_566.xvg,0.0,875.643921,0.566
dhdl_modified_567.xvg,0.0,857.01001,0.567
dhdl_modified_568.xvg,0.0,838.799255,0.568
dhdl_modified_569.xvg,0.0,821.004578,0.569
dhdl_modified_570.xvg,0.0,803.614258,0.57
dhdl_modified_571.xvg,0.0,786.61731,0.571
dhdl_modified_572.xvg,0.0,770.007019,0.572
dhdl_modified_573.xvg,0.0,753.771851,0.573
dhdl_modified_574.xvg,0.0,737.902588,0.574
dhdl_modified_575.xvg,0.0,722.391907,0.575
dhdl_modified_576.xvg,0.0,707.230225,0.576
dhdl_modified_577.xvg,0.0,692.409119,0.577
dhdl_modified_578.xvg,0.0,677.919495,0.578
dhdl_modified_579.xvg,0.0,663.755981,0.579
dhdl_modified_580.xvg,0.0,649.908081,0.58
dhdl_modified_581.xvg,0.0,636.370361,0.581
dhdl_modified_582.xvg,0.0,623.132324,0.582
dhdl_modified_583.xvg,0.0,610.190552,0.583
dhdl_modified_584.xvg,0.0,597.536499,0.584
dhdl_modified_585.xvg,0.0,585.163208,0.585
dhdl_modified_586.xvg,0.0,573.063354,0.586
dhdl_modified_587.xvg,0.0,561.229492,0.587
dhdl_modified_588.xvg,0.0,549.659668,0.588
dhdl_modified_589.xvg,0.0,538.34375,0.589
dhdl_modified_590.xvg,0.0,527.277161,0.59
dhdl_modified_591.xvg,0.0,516.453552,0.591
dhdl_modified_592.xvg,0.0,505.866302,0.592
dhdl_modified_593.xvg,0.0,495.512238,0.593
dhdl_modified_594.xvg,0.0,485.384277,0.594
dhdl_modified_595.xvg,0.0,475.477478,0.595
dhdl_modified_596.xvg,0.0,465.785919,0.596
dhdl_modified_597.xvg,0.0,456.306366,0.597
dhdl_modified_598.xvg,0.0,447.032776,0.598
dhdl_modified_599.xvg,0.0,437.960571,0.599
dhdl_modified_600.xvg,0.0,429.084778,0.6
dhdl_modified_601.xvg,0.0,420.400269,0.601
dhdl_modified_602.xvg,0.0,411.90332,0.602
dhdl_modified_603.xvg,0.0,403.590271,0.603
dhdl_modified_604.xvg,0.0,395.456848,0.604
dhdl_modified_605.xvg,0.0,387.497498,0.605
dhdl_modified_606.xvg,0.0,379.70871,0.606
dhdl_modified_607.xvg,0.0,372.087585,0.607
dhdl_modified_608.xvg,0.0,364.629486,0.608
dhdl_modified_609.xvg,0.0,357.330872,0.609
dhdl_modified_610.xvg,0.0,350.186951,0.61
dhdl_modified_611.xvg,0.0,343.196442,0.611
dhdl_modified_612.xvg,0.0,336.354462,0.612
dhdl_modified_613.xvg,0.0,329.657623,0.613
dhdl_modified_614.xvg,0.0,323.103516,0.614
dhdl_modified_615.xvg,0.0,316.686646,0.615
dhdl_modified_616.xvg,0.0,310.406769,0.616
dhdl_modified_617.xvg,0.0,304.259399,0.617
dhdl_modified_618.xvg,0.0,298.241394,0.618
dhdl_modified_619.xvg,0.0,292.349945,0.619
dhdl_modified_620.xvg,0.0,286.583069,0.62
dhdl_modified_621.xvg,0.0,280.936615,0.621
dhdl_modified_622.xvg,0.0,275.408997,0.622
dhdl_modified_623.xvg,0.0,269.996796,0.623
dhdl_modified_624.xvg,0.0,264.697876,0.624
dhdl_modified_625.xvg,0.0,259.509216,0.625
dhdl_modified_626.xvg,0.0,254.429138,0.626
dhdl_modified_627.xvg,0.0,249.454666,0.627
dhdl_modified_628.xvg,0.0,244.583969,0.628
dhdl_modified_629.xvg,0.0,239.813721,0.629
dhdl_modified_630.xvg,0.0,235.142456,0.63
dhdl_modified_631.xvg,0.0,230.567932,0.631
dhdl_modified_632.xvg,0.0,226.088135,0.632
dhdl_modified_633.xvg,0.0,221.700424,0.633
dhdl_modified_634.xvg,0.0,217.403351,0.634
dhdl_modified_635.xvg,0.0,213.194794,0.635
dhdl_modified_636.xvg,0.0,209.072632,0.636
dhdl_modified_637.xvg,0.0,205.035187,0.637
dhdl_modified_638.xvg,0.0,201.080078,0.638
dhdl_modified_639.xvg,0.0,197.206329,0.639
dhdl_modified_640.xvg,0.0,193.411591,0.64
dhdl_modified_641.xvg,0.0,189.694321,0.641
dhdl_modified_642.xvg,0.0,186.052917,0.642
dhdl_modified_643.xvg,0.0,182.485092,0.643
dhdl_modified_644.xvg,0.0,178.990341,0.644
dhdl_modified_645.xvg,0.0,175.566391,0.645
dhdl_modified_646.xvg,0.0,172.211761,0.646
dhdl_modified_647.xvg,0.0,168.924713,0.647
dhdl_modified_648.xvg,0.0,165.704498,0.648
dhdl_modified_649.xvg,0.0,162.549194,0.649
dhdl_modified_650.xvg,0.0,159.457489,0.65
dhdl_modified_651.xvg,0.0,156.428024,0.651
dhdl_modified_652.xvg,0.0,153.45932,0.652
dhdl_modified_653.xvg,0.0,150.550278,0.653
dhdl_modified_654.xvg,0.0,147.699753,0.654
dhdl_modified_655.xvg,0.0,144.906174,0.655
dhdl_modified_656.xvg,0.0,142.168243,0.656
dhdl_modified_657.xvg,0.0,139.485077,0.657
dhdl_modified_658.xvg,0.0,136.855698,0.658
dhdl_modified_659.xvg,0.0,134.278351,0.659
dhdl_modified_660.xvg,0.0,131.752472,0.66
dhdl_modified_661.xvg,0.0,129.276505,0.661
dhdl_modified_662.xvg,0.0,126.849915,0.662
dhdl_modified_663.xvg,0.0,124.471291,0.663
dhdl_modified_664.xvg,0.0,122.139679,0.664
dhdl_modified_665.xvg,0.0,119.854263,0.665
dhdl_modified_666.xvg,0.0,117.613823,0.666
dhdl_modified_667.xvg,0.0,115.417717,0.667
dhdl_modified_668.xvg,0.0,113.264725,0.668
dhdl_modified_669.xvg,0.0,111.154037,0.669
dhdl_modified_670.xvg,0.0,109.084686,0.67
dhdl_modified_671.xvg,0.0,107.056068,0.671
dhdl_modified_672.xvg,0.0,105.06707,0.672
dhdl_modified_673.xvg,0.0,103.117027,0.673
dhdl_modified_674.xvg,0.0,101.205124,0.674
dhdl_modified_675.xvg,0.0,99.330345,0.675
dhdl_modified_676.xvg,0.0,97.49221,0.676
dhdl_modified_677.xvg,0.0,95.689995,0.677
dhdl_modified_678.xvg,0.0,93.922569,0.678
dhdl_modified_679.xvg,0.0,92.189659,0.679
dhdl_modified_680.xvg,0.0,90.490082,0.68
dhdl_modified_681.xvg,0.0,88.823517,0.681
dhdl_modified_682.xvg,0.0,87.189377,0.682
dhdl_modified_683.xvg,0.0,85.586601,0.683
dhdl_modified_684.xvg,0.0,84.014809,0.684
dhdl_modified_685.xvg,0.0,82.473251,0.685
dhdl_modified_686.xvg,0.0,80.961311,0.686
dhdl_modified_687.xvg,0.0,79.478561,0.687
dhdl_modified_688.xvg,0.0,78.024239,0.688
dhdl_modified_689.xvg,0.0,76.597664,0.689
dhdl_modified_690.xvg,0.0,75.198517,0.69
dhdl_modified_691.xvg,0.0,73.826218,0.691
dhdl_modified_692.xvg,0.0,72.480072,0.692
dhdl_modified_693.xvg,0.0,71.159561,0.693
dhdl_modified_694.xvg,0.0,69.864227,0.694
dhdl_modified_695.xvg,0.0,68.593605,0.695
dhdl_modified_696.xvg,0.0,67.347115,0.696
dhdl_modified_697.xvg,0.0,66.124329,0.697
dhdl_modified_698.xvg,0.0,64.924591,0.698
dhdl_modified_699.xvg,0.0,63.747715,0.699
dhdl_modified_700.xvg,0.0,62.593147,0.7
dhdl_modified_701.xvg,0.0,61.460369,0.701
dhdl_modified_702.xvg,0.0,60.349037,0.702
dhdl_modified_703.xvg,0.0,59.258476,0.703
dhdl_modified_704.xvg,0.0,58.188644,0.704
dhdl_modified_705.xvg,0.0,57.138924,0.705
dhdl_modified_706.xvg,0.0,56.108849,0.706
dhdl_modified_707.xvg,0.0,55.098057,0.707
dhdl_modified_708.xvg,0.0,54.1064,0.708
dhdl_modified_709.xvg,0.0,53.13332,0.709
dhdl_modified_710.xvg,0.0,52.178326,0.71
dhdl_modified_711.xvg,0.0,51.241203,0.711
dhdl_modified_712.xvg,0.0,50.321548,0.712
dhdl_modified_713.xvg,0.0,49.419086,0.713
dhdl_modified_714.xvg,0.0,48.533428,0.714
dhdl_modified_715.xvg,0.0,47.664299,0.715
dhdl_modified_716.xvg,0.0,46.811302,0.716
dhdl_modified_717.xvg,0.0,45.97411,0.717
dhdl_modified_718.xvg,0.0,45.152473,0.718
dhdl_modified_719.xvg,0.0,44.346062,0.719
dhdl_modified_720.xvg,0.0,43.554512,0.72
dhdl_modified_721.xvg,0.0,42.777615,0.721
dhdl_modified_722.xvg,0.0,42.015144,0.722
dhdl_modified_723.xvg,0.0,41.266758,0.723
dhdl_modified_724.xvg,0.0,40.532009,0.724
dhdl_modified_725.xvg,0.0,39.810871,0.725
dhdl_modified_726.xvg,0.0,39.102962,0.726
dhdl_modified_727.xvg,0.0,38.408085,0.727
dhdl_modified_728.xvg,0.0,37.725948,0.728
dhdl_modified_729.xvg,0.0,37.056374,0.729
dhdl_modified_730.xvg,0.0,36.398964,0.73
dhdl_modified_731.xvg,0.0,35.753624,0.731
dhdl_modified_732.xvg,0.0,35.120083,0.732
dhdl_modified_733.xvg,0.0,34.498123,0.733
dhdl_modified_734.xvg,0.0,33.887444,0.734
dhdl_modified_735.xvg,0.0,33.287956,0.735
dhdl_modified_736.xvg,0.0,32.699348,0.736
dhdl_modified_737.xvg,0.0,32.121441,0.737
dhdl_modified_738.xvg,0.0,31.554049,0.738
dhdl_modified_739.xvg,0.0,30.996912,0.739
dhdl_modified_740.xvg,0.0,30.449907,0.74
dhdl_modified_741.xvg,0.0,29.912794,0.741
dhdl_modified_742.xvg,0.0,29.385395,0.742
dhdl_modified_743.xvg,0.0,28.867542,0.743
dhdl_modified_744.xvg,0.0,28.359009,0.744
dhdl_modified_745.xvg,0.0,27.859695,0.745
dhdl_modified_746.xvg,0.0,27.369362,0.746
dhdl_modified_747.xvg,0.0,26.887823,0.747
dhdl_modified_748.xvg,0.0,26.415001,0.748
dhdl_modified_749.xvg,0.0,25.950617,0.749
dhdl_modified_750.xvg,0.0,25.494606,0.75
dhdl_modified_751.xvg,0.0,25.046755,0.751
dhdl_modified_752.xvg,0.0,24.606974,0.752
dhdl_modified_753.xvg,0.0,24.175053,0.753
dhdl_modified_754.xvg,0.0,23.750795,0.754
dhdl_modified_755.xvg,0.0,23.334181,0.755
dhdl_modified_756.xvg,0.0,22.924984,0.756
dhdl_modified_757.xvg,0.0,22.523094,0.757
dhdl_modified_758.xvg,0.0,22.128321,0.758
dhdl_modified_759.xvg,0.0,21.740614,0.759
dhdl_modified_760.xvg,0.0,21.359781,0.76
dhdl_modified_761.xvg,0.0,20.985756,0.761
dhdl_modified_762.xvg,0.0,20.618382,0.762
dhdl_modified_763.xvg,0.0,20.257454,0.763
dhdl_modified_764.xvg,0.0,19.902946,0.764
dhdl_modified_765.xvg,0.0,19.554766,0.765
dhdl_modified_766.xvg,0.0,19.212708,0.766
dhdl_modified_767.xvg,0.0,18.876692,0.767
dhdl_modified_768.xvg,0.0,18.546623,0.768
dhdl_modified_769.xvg,0.0,18.222364,0.769
dhdl_modified_770.xvg,0.0,17.903854,0.77
dhdl_modified_771.xvg,0.0,17.590931,0.771
dhdl_modified_772.xvg,0.0,17.283516,0.772
dhdl_modified_773.xvg,0.0,16.981482,0.773
dhdl_modified_774.xvg,0.0,16.684799,0.774
dhdl_modified_775.xvg,0.0,16.393318,0.775
dhdl_modified_776.xvg,0.0,16.106937,0.776
dhdl_modified_777.xvg,0.0,15.825602,0.777
dhdl_modified_778.xvg,0.0,15.549166,0.778
dhdl_modified_779.xvg,0.0,15.277567,0.779
dhdl_modified_780.xvg,0.0,15.010776,0.78
dhdl_modified_781.xvg,0.0,14.748561,0.781
dhdl_modified_782.xvg,0.0,14.490974,0.782
dhdl_modified_783.xvg,0.0,14.237871,0.783
dhdl_modified_784.xvg,0.0,13.989181,0.784
dhdl_modified_785.xvg,0.0,13.744833,0.785
dhdl_modified_786.xvg,0.0,13.504713,0.786
dhdl_modified_787.xvg,0.0,13.268797,0.787
dhdl_modified_788.xvg,0.0,13.036953,0.788
dhdl_modified_789.xvg,0.0,12.809158,0.789
dhdl_modified_790.xvg,0.0,12.585308,0.79
dhdl_modified_791.xvg,0.0,12.36533,0.791
dhdl_modified_792.xvg,0.0,12.149183,0.792
dhdl_modified_793.xvg,0.0,11.936783,0.793
dhdl_modified_794.xvg,0.0,11.728054,0.794
dhdl_modified_795.xvg,0.0,11.522909,0.795
dhdl_modified_796.xvg,0.0,11.32134,0.796
dhdl_modified_797.xvg,0.0,11.123224,0.797
dhdl_modified_798.xvg,0.0,10.928555,0.798
dhdl_modified_799.xvg,0.0,10.737235,0.799
dhdl_modified_800.xvg,0.0,0.0,0.8
dhdl_modified_801.xvg,0.0,0.0,0.801
dhdl_modified_802.xvg,0.0,0.0,0.802
dhdl_modified_803.xvg,0.0,0.0,0.803
dhdl_modified_804.xvg,0.0,0.0,0.804
dhdl_modified_805.xvg,0.0,0.0,0.805
dhdl_modified_806.xvg,0.0,0.0,0.806
dhdl_modified_807.xvg,0.0,0.0,0.807
dhdl_modified_808.xvg,0.0,0.0,0.808
dhdl_modified_809.xvg,0.0,0.0,0.809
dhdl_modified_810.xvg,0.0,0.0,0.81
dhdl_modified_811.xvg,0.0,0.0,0.811
dhdl_modified_812.xvg,0.0,0.0,0.812
dhdl_modified_813.xvg,0.0,0.0,0.813
dhdl_modified_814.xvg,0.0,0.0,0.814
dhdl_modified_815.xvg,0.0,0.0,0.815
dhdl_modified_816.xvg,0.0,0.0,0.816
dhdl_modified_817.xvg,0.0,0.0,0.817
dhdl_modified_818.xvg,0.0,0.0,0.818
dhdl_modified_819.xvg,0.0,0.0,0.819
dhdl_modified_820.xvg,0.0,0.0,0.82
dhdl_modified_821.xvg,0.0,0.0,0.821
dhdl_modified_822.xvg,0.0,0.0,0.822
dhdl_modified_823.xvg,0.0,0.0,0.823
dhdl_modified_824.xvg,0.0,0.0,0.824
dhdl_modified_825.xvg,0.0,0.0,0.825
dhdl_modified_826.xvg,0.0,0.0,0.826
dhdl_modified_827.xvg,0.0,0.0,0.827
dhdl_modified_828.xvg,0.0,0.0,0.828
dhdl_modified_829.xvg,0.0,0.0,0.829
dhdl_modified_830.xvg,0.0,0.0,0.83
dhdl_modified_831.xvg,0.0,0.0,0.831
dhdl_modified_832.xvg,0.0,0.0,0.832
dhdl_modified_833.xvg,0.0,0.0,0.833
dhdl_modified_834.xvg,0.0,0.0,0.834
dhdl_modified_835.xvg,0.0,0.0,0.835
dhdl_modified_836.xvg,0.0,0.0,0.836
dhdl_modified_837.xvg,0.0,0.0,0.837
dhdl_modified_838.xvg,0.0,0.0,0.838
dhdl_modified_839.xvg,0.0,0.0,0.839
dhdl_modified_840.xvg,0.0,0.0,0.84
dhdl_modified_841.xvg,0.0,0.0,0.841
dhdl_modified_842.xvg,0.0,0.0,0.842
dhdl_modified_843.xvg,0.0,0.0,0.843
dhdl_modified_844.xvg,0.0,0.0,0.844
dhdl_modified_845.xvg,0.0,0.0,0.845
dhdl_modified_846.xvg,0.0,0.0,0.846
dhdl_modified_847.xvg,0.0,0.0,0.847
dhdl_modified_848.xvg,0.0,0.0,0.848
dhdl_modified_849.xvg,0.0,0.0,0.849
dhdl_modified_850.xvg,0.0,0.0,0.85
dhdl_modified_851.xvg,0.0,0.0,0.851
dhdl_modified_852.xvg,0.0,0.0,0.852
dhdl_modified_853.xvg,0.0,0.0,0.853
dhdl_modified_854.xvg,0.0,0.0,0.854
dhdl_modified_855.xvg,0.0,0.0,0.855
dhdl_modified_856.xvg,0.0,0.0,0.856
dhdl_modified_857.xvg,0.0,0.0,0.857
dhdl_modified_858.xvg,0.0,0.0,0.858
dhdl_modified_859.xvg,0.0,0.0,0.859
dhdl_modified_860.xvg,0.0,0.0,0.86
dhdl_modified_861.xvg,0.0,0.0,0.861
dhdl_modified_862.xvg,0.0,0.0,0.862
dhdl_modified_863.xvg,0.0,0.0,0.863
dhdl_modified_864.xvg,0.0,0.0,0.864
dhdl_modified_865.xvg,0.0,0.0,0.865
dhdl_modified_866.xvg,0.0,0.0,0.866
dhdl_modified_867.xvg,0.0,0.0,0.867
dhdl_modified_868.xvg,0.0,0.0,0.868
dhdl_modified_869.xvg,0.0,0.0,0.869
dhdl_modified_870.xvg,0.0,0.0,0.87
dhdl_modified_871.xvg,0.0,0.0,0.871
dhdl_modified_872.xvg,0.0,0.0,0.872
dhdl_modified_873.xvg,0.0,0.0,0.873
dhdl_modified_874.xvg,0.0,0.0,0.874
dhdl_modified_875.xvg,0.0,0.0,0.875
dhdl_modified_876.xvg,0.0,0.0,0.876
dhdl_modified_877.xvg,0.0,0.0,0.877
dhdl_modified_878.xvg,0.0,0.0,0.878
dhdl_modified_879.xvg,0.0,0.0,0.879
dhdl_modified_880.xvg,0.0,0.0,0.88
dhdl_modified_881.xvg,0.0,0.0,0.881
dhdl_modified_882.xvg,0.0,0.0,0.882
dhdl_modified_883.xvg,0.0,0.0,0.883
dhdl_modified_884.xvg,0.0,0.0,0.884
dhdl_modified_885.xvg,0.0,0.0,0.885
dhdl_modified_886.xvg,0.0,0.0,0.886
dhdl_modified_887.xvg,0.0,0.0,0.887
dhdl_modified_888.xvg,0.0,0.0,0.888
dhdl_modified_889.xvg,0.0,0.0,0.889
dhdl_modified_890.xvg,0.0,0.0,0.89
dhdl_modified_891.xvg,0.0,0.0,0.891
dhdl_modified_892.xvg,0.0,0.0,0.892
dhdl_modified_893.xvg,0.0,0.0,0.893
dhdl_modified_894.xvg,0.0,0.0,0.894
dhdl_modified_895.xvg,0.0,0.0,0.895
dhdl_modified_896.xvg,0.0,0.0,0.896
dhdl_modified_897.xvg,0.0,0.0,0.897
dhdl_modified_898.xvg,0.0,0.0,0.898
dhdl_modified_899.xvg,0.0,0.0,0.899
dhdl_modified_900.xvg,0.0,0.0,0.9
dhdl_modified_901.xvg,0.0,0.0,0.901
dhdl_modified_902.xvg,0.0,0.0,0.902
dhdl_modified_903.xvg,0.0,0.0,0.903
dhdl_modified_904.xvg,0.0,0.0,0.904
dhdl_modified_905.xvg,0.0,0.0,0.905
dhdl_modified_906.xvg,0.0,0.0,0.906
dhdl_modified_907.xvg,0.0,0.0,0.907
dhdl_modified_908.xvg,0.0,0.0,0.908
dhdl_modified_909.xvg,0.0,0.0,0.909
dhdl_modified_910.xvg,0.0,0.0,0.91
dhdl_modified_911.xvg,0.0,0.0,0.911
dhdl_modified_912.xvg,0.0,0.0,0.912
dhdl_modified_913.xvg,0.0,0.0,0.913
dhdl_modified_914.xvg,0.0,0.0,0.914
dhdl_modified_915.xvg,0.0,0.0,0.915
dhdl_modified_916.xvg,0.0,0.0,0.916
dhdl_modified_917.xvg,0.0,0.0,0.917
dhdl_modified_918.xvg,0.0,0.0,0.918
dhdl_modified_919.xvg,0.0,0.0,0.919
dhdl_modified_920.xvg,0.0,0.0,0.92
dhdl_modified_921.xvg,0.0,0.0,0.921
dhdl_modified_922.xvg,0.0,0.0,0.922
dhdl_modified_923.xvg,0.0,0.0,0.923
dhdl_modified_924.xvg,0.0,0.0,0.924
dhdl_modified_925.xvg,0.0,0.0,0.925
dhdl_modified_926.xvg,0.0,0.0,0.926
dhdl_modified_927.xvg,0.0,0.0,0.927
dhdl_modified_928.xvg,0.0,0.0,0.928
dhdl_modified_929.xvg,0.0,0.0,0.929
dhdl_modified_930.xvg,0.0,0.0,0.93
dhdl_modified_931.xvg,0.0,0.0,0.931
dhdl_modified_932.xvg,0.0,0.0,0.932
dhdl_modified_933.xvg,0.0,0.0,0.933
dhdl_modified_934.xvg,0.0,0.0,0.934
dhdl_modified_935.xvg,0.0,0.0,0.935
dhdl_modified_936.xvg,0.0,0.0,0.936
dhdl_modified_937.xvg,0.0,0.0,0.937
dhdl_modified_938.xvg,0.0,0.0,0.938
dhdl_modified_939.xvg,0.0,0.0,0.939
dhdl_modified_940.xvg,0.0,0.0,0.94
dhdl_modified_941.xvg,0.0,0.0,0.941
dhdl_modified_942.xvg,0.0,0.0,0.942
dhdl_modified_943.xvg,0.0,0.0,0.943
dhdl_modified_944.xvg,0.0,0.0,0.944
dhdl_modified_945.xvg,0.0,0.0,0.945
dhdl_modified_946.xvg,0.0,0.0,0.946
dhdl_modified_947.xvg,0.0,0.0,0.947
dhdl_modified_948.xvg,0.0,0.0,0.948
dhdl_modified_949.xvg,0.0,0.0,0.949
dhdl_modified_950.xvg,0.0,0.0,0.95
dhdl_modified_951.xvg,0.0,0.0,0.951
dhdl_modified_952.xvg,0.0,0.0,0.952
dhdl_modified_953.xvg,0.0,0.0,0.953
dhdl_modified_954.xvg,0.0,0.0,0.954
dhdl_modified_955.xvg,0.0,0.0,0.955
dhdl_modified_956.xvg,0.0,0.0,0.956
dhdl_modified_957.xvg,0.0,0.0,0.957
dhdl_modified_958.xvg,0.0,0.0,0.958
dhdl_modified_959.xvg,0.0,0.0,0.959
dhdl_modified_960.xvg,0.0,0.0,0.96
dhdl_modified_961.xvg,0.0,0.0,0.961
dhdl_modified_962.xvg,0.0,0.0,0.962
dhdl_modified_963.xvg,0.0,0.0,0.963
dhdl_modified_964.xvg,0.0,0.0,0.964
dhdl_modified_965.xvg,0.0,0.0,0.965
dhdl_modified_966.xvg,0.0,0.0,0.966
dhdl_modified_967.xvg,0.0,0.0,0.967
dhdl_modified_968.xvg,0.0,0.0,0.968
dhdl_modified_969.xvg,0.0,0.0,0.969
dhdl_modified_970.xvg,0.0,0.0,0.97
dhdl_modified_971.xvg,0.0,0.0,0.971
dhdl_modified_972.xvg,0.0,0.0,0.972
dhdl_modified_973.xvg,0.0,0.0,0.973
dhdl_modified_974.xvg,0.0,0.0,0.974
dhdl_modified_975.xvg,0.0,0.0,0.975
dhdl_modified_976.xvg,0.0,0.0,0.976
dhdl_modified_977.xvg,0.0,0.0,0.977
dhdl_modified_978.xvg,0.0,0.0,0.978
dhdl_modified_979.xvg,0.0,0.0,0.979
dhdl_modified_980.xvg,0.0,0.0,0.98
dhdl_modified_981.xvg,0.0,0.0,0.981
dhdl_modified_982.xvg,0.0,0.0,0.982
dhdl_modified_983.xvg,0.0,0.0,0.983
dhdl_modified_984.xvg,0.0,0.0,0.984
dhdl_modified_985.xvg,0.0,0.0,0.985
dhdl_modified_986.xvg,0.0,0.0,0.986
dhdl_modified_987.xvg,0.0,0.0,0.987
dhdl_modified_988.xvg,0.0,0.0,0.988
dhdl_modified_989.xvg,0.0,0.0,0.989
dhdl_modified_990.xvg,0.0,0.0,0.99
dhdl_modified_991.xvg,0.0,0.0,0.991
dhdl_modified_992.xvg,0.0,0.0,0.992
dhdl_modified_993.xvg,0.0,0.0,0.993
dhdl_modified_994.xvg,0.0,0.0,0.994
dhdl_modified_995.xvg,0.0,0.0,0.995
dhdl_modified_996.xvg,0.0,0.0,0.996
dhdl_modified_997.xvg,0.0,0.0,0.997
dhdl_modified_998.xvg,0.0,0.0,0.998
dhdl_modified_999.xvg,0.0,0.0,0.999
dhdl_modified_1000.xvg,0.0,0.0,1.0
dhdl_modified_1001.xvg,0.0,0.0,1.001
dhdl_modified_1002.xvg,0.0,0.0,1.002
dhdl_modified_1003.xvg,0.0,0.0,1.003
dhdl_modified_1004.xvg,0.0,0.0,1.004
dhdl_modified_1005.xvg,0.0,0.0,1.005
dhdl_modified_1006.xvg,0.0,0.0,1.006
dhdl_modified_1007.xvg,0.0,0.0,1.007
dhdl_modified_1008.xvg,0.0,0.0,1.008
dhdl_modified_1009.xvg,0.0,0.0,1.009
dhdl_modified_1010.xvg,0.0,0.0,1.01
dhdl_modified_1011.xvg,0.0,0.0,1.011
dhdl_modified_1012.xvg,0.0,0.0,1.012
dhdl_modified_1013.xvg,0.0,0.0,1.013
dhdl_modified_1014.xvg,0.0,0.0,1.014
dhdl_modified_1015.xvg,0.0,0.0,1.015
dhdl_modified_1016.xvg,0.0,0.0,1.016
dhdl_modified_1017.xvg,0.0,0.0,1.017
dhdl_modified_1018.xvg,0.0,0.0,1.018
dhdl_modified_1019.xvg,0.0,0.0,1.019
dhdl_modified_1020.xvg,0.0,0.0,1.02
dhdl_modified_1021.xvg,0.0,0.0,1.021
dhdl_modified_1022.xvg,0.0,0.0,1.022
dhdl_modified_1023.xvg,0.0,0.0,1.023
dhdl_modified_1024.xvg,0.0,0.0,1.024
dhdl_modified_1025.xvg,0.0,0.0,1.025
dhdl_modified_1026.xvg,0.0,0.0,1.026
dhdl_modified_1027.xvg,0.0,0.0,1.027
dhdl_modified_1028.xvg,0.0,0.0,1.028
dhdl_modified_1029.xvg,0.0,0.0,1.029
dhdl_modified_1030.xvg,0.0,0.0,1.03
dhdl_modified_1031.xvg,0.0,0.0,1.031
dhdl_modified_1032.xvg,0.0,0.0,1.032
dhdl_modified_1033.xvg,0.0,0.0,1.033
dhdl_modified_1034.xvg,0.0,0.0,1.034
dhdl_modified_1035.xvg,0.0,0.0,1.035
dhdl_modified_1036.xvg,0.0,0.0,1.036
dhdl_modified_1037.xvg,0.0,0.0,1.037
dhdl_modified_1038.xvg,0.0,0.0,1.038
dhdl_modified_1039.xvg,0.0,0.0,1.039
dhdl_modified_1040.xvg,0.0,0.0,1.04
dhdl_modified_1041.xvg,0.0,0.0,1.041
dhdl_modified_1042.xvg,0.0,0.0,1.042
dhdl_modified_1043.xvg,0.0,0.0,1.043
dhdl_modified_1044.xvg,0.0,0.0,1.044
dhdl_modified_1045.xvg,0.0,0.0,1.045
dhdl_modified_1046.xvg,0.0,0.0,1.046
dhdl_modified_1047.xvg,0.0,0.0,1.047
dhdl_modified_1048.xvg,0.0,0.0,1.048
dhdl_modified_1049.xvg,0.0,0.0,1.049
dhdl_modified_1050.xvg,0.0,0.0,1.05
dhdl_modified_1051.xvg,0.0,0.0,1.051
dhdl_modified_1052.xvg,0.0,0.0,1.052
dhdl_modified_1053.xvg,0.0,0.0,1.053
dhdl_modified_1054.xvg,0.0,0.0,1.054
dhdl_modified_1055.xvg,0.0,0.0,1.055
dhdl_modified_1056.xvg,0.0,0.0,1.056
dhdl_modified_1057.xvg,0.0,0.0,1.057
dhdl_modified_1058.xvg,0.0,0.0,1.058
dhdl_modified_1059.xvg,0.0,0.0,1.059
dhdl_modified_1060.xvg,0.0,0.0,1.06
dhdl_modified_1061.xvg,0.0,0.0,1.061
dhdl_modified_1062.xvg,0.0,0.0,1.062
dhdl_modified_1063.xvg,0.0,0.0,1.063
dhdl_modified_1064.xvg,0.0,0.0,1.064
dhdl_modified_1065.xvg,0.0,0.0,1.065
dhdl_modified_1066.xvg,0.0,0.0,1.066
dhdl_modified_1067.xvg,0.0,0.0,1.067
dhdl_modified_1068.xvg,0.0,0.0,1.068
dhdl_modified_1069.xvg,0.0,0.0,1.069
dhdl_modified_1070.xvg,0.0,0.0,1.07
dhdl_modified_1071.xvg,0.0,0.0,1.071
dhdl_modified_1072.xvg,0.0,0.0,1.072
dhdl_modified_1073.xvg,0.0,0.0,1.073
dhdl_modified_1074.xvg,0.0,0.0,1.074
dhdl_modified_1075.xvg,0.0,0.0,1.075
dhdl_modified_1076.xvg,0.0,0.0,1.076
dhdl_modified_1077.xvg,0.0,0.0,1.077
dhdl_modified_1078.xvg,0.0,0.0,1.078
dhdl_modified_1079.xvg,0.0,0.0,1.079
dhdl_modified_1080.xvg,0.0,0.0,1.08
dhdl_modified_1081.xvg,0.0,0.0,1.081
dhdl_modified_1082.xvg,0.0,0.0,1.082
dhdl_modified_1083.xvg,0.0,0.0,1.083
dhdl_modified_1084.xvg,0.0,0.0,1.084
dhdl_modified_1085.xvg,0.0,0.0,1.085
dhdl_modified_1086.xvg,0.0,0.0,1.086
dhdl_modified_1087.xvg,0.0,0.0,1.087
dhdl_modified_1088.xvg,0.0,0.0,1.088
dhdl_modified_1089.xvg,0.0,0.0,1.089
dhdl_modified_1090.xvg,0.0,0.0,1.09
dhdl_modified_1091.xvg,0.0,0.0,1.091
dhdl_modified_1092.xvg,0.0,0.0,1.092
dhdl_modified_1093.xvg,0.0,0.0,1.093
dhdl_modified_1094.xvg,0.0,0.0,1.094
dhdl_modified_1095.xvg,0.0,0.0,1.095
dhdl_modified_1096.xvg,0.0,0.0,1.096
dhdl_modified_1097.xvg,0.0,0.0,1.097
dhdl_modified_1098.xvg,0.0,0.0,1.098
dhdl_modified_1099.xvg,0.0,0.0,1.099
dhdl_modified_1100.xvg,0.0,0.0,1.1
dhdl_modified_1101.xvg,0.0,0.0,1.101
dhdl_modified_1102.xvg,0.0,0.0,1.102
dhdl_modified_1103.xvg,0.0,0.0,1.103
dhdl_modified_1104.xvg,0.0,0.0,1.104
dhdl_modified_1105.xvg,0.0,0.0,1.105
dhdl_modified_1106.xvg,0.0,0.0,1.106
dhdl_modified_1107.xvg,0.0,0.0,1.107
dhdl_modified_1108.xvg,0.0,0.0,1.108
dhdl_modified_1109.xvg,0.0,0.0,1.109
dhdl_modified_1110.xvg,0.0,0.0,1.11
dhdl_modified_1111.xvg,0.0,0.0,1.111
dhdl_modified_1112.xvg,0.0,0.0,1.112
dhdl_modified_1113.xvg,0.0,0.0,1.113
dhdl_modified_1114.xvg,0.0,0.0,1.114
dhdl_modified_1115.xvg,0.0,0.0,1.115
dhdl_modified_1116.xvg,0.0,0.0,1.116
dhdl_modified_1117.xvg,0.0,0.0,1.117
dhdl_modified_1118.xvg,0.0,0.0,1.118
dhdl_modified_1119.xvg,0.0,0.0,1.119
dhdl_modified_1120.xvg,0.0,0.0,1.12
dhdl_modified_1121.xvg,0.0,0.0,1.121
dhdl_modified_1122.xvg,0.0,0.0,1.122
dhdl_modified_1123.xvg,0.0,0.0,1.123
dhdl_modified_1124.xvg,0.0,0.0,1.124
dhdl_modified_1125.xvg,0.0,0.0,1.125
dhdl_modified_1126.xvg,0.0,0.0,1.126
dhdl_modified_1127.xvg,0.0,0.0,1.127
dhdl_modified_1128.xvg,0.0,0.0,1.128
dhdl_modified_1129.xvg,0.0,0.0,1.129
dhdl_modified_1130.xvg,0.0,0.0,1.13
dhdl_modified_1131.xvg,0.0,0.0,1.131
dhdl_modified_1132.xvg,0.0,0.0,1.132
dhdl_modified_1133.xvg,0.0,0.0,1.133
dhdl_modified_1134.xvg,0.0,0.0,1.134
dhdl_modified_1135.xvg,0.0,0.0,1.135
dhdl_modified_1136.xvg,0.0,0.0,1.136
dhdl_modified_1137.xvg,0.0,0.0,1.137
dhdl_modified_1138.xvg,0.0,0.0,1.138
dhdl_modified_1139.xvg,0.0,0.0,1.139
dhdl_modified_1140.xvg,0.0,0.0,1.14
dhdl_modified_1141.xvg,0.0,0.0,1.141
dhdl_modified_1142.xvg,0.0,0.0,1.142
dhdl_modified_1143.xvg,0.0,0.0,1.143
dhdl_modified_1144.xvg,0.0,0.0,1.144
dhdl_modified_1145.xvg,0.0,0.0,1.145
dhdl_modified_1146.xvg,0.0,0.0,1.146
dhdl_modified_1147.xvg,0.0,0.0,1.147
dhdl_modified_1148.xvg,0.0,0.0,1.148
dhdl_modified_1149.xvg,0.0,0.0,1.149
dhdl_modified_1150.xvg,0.0,0.0,1.15
dhdl_modified_1151.xvg,0.0,0.0,1.151
dhdl_modified_1152.xvg,0.0,0.0,1.152
dhdl_modified_1153.xvg,0.0,0.0,1.153
dhdl_modified_1154.xvg,0.0,0.0,1.154
dhdl_modified_1155.xvg,0.0,0.0,1.155
dhdl_modified_1156.xvg,0.0,0.0,1.156
dhdl_modified_1157.xvg,0.0,0.0,1.157
dhdl_modified_1158.xvg,0.0,0.0,1.158
dhdl_modified_1159.xvg,0.0,0.0,1.159
dhdl_modified_1160.xvg,0.0,0.0,1.16
dhdl_modified_1161.xvg,0.0,0.0,1.161
dhdl_modified_1162.xvg,0.0,0.0,1.162
dhdl_modified_1163.xvg,0.0,0.0,1.163
dhdl_modified_1164.xvg,0.0,0.0,1.164
dhdl_modified_1165.xvg,0.0,0.0,1.165
dhdl_modified_1166.xvg,0.0,0.0,1.166
dhdl_modified_1167.xvg,0.0,0.0,1.167
dhdl_modified_1168.xvg,0.0,0.0,1.168
dhdl_modified_1169.xvg,0.0,0.0,1.169
dhdl_modified_1170.xvg,0.0,0.0,1.17
dhdl_modified_1171.xvg,0.0,0.0,1.171
dhdl_modified_1172.xvg,0.0,0.0,1.172
dhdl_modified_1173.xvg,0.0,0.0,1.173
dhdl_modified_1174.xvg,0.0,0.0,1.174
dhdl_modified_1175.xvg,0.0,0.0,1.175
dhdl_modified_1176.xvg,0.0,0.0,1.176
dhdl_modified_1177.xvg,0.0,0.0,1.177
dhdl_modified_1178.xvg,0.0,0.0,1.178
dhdl_modified_1179.xvg,0.0,0.0,1.179
dhdl_modified_1180.xvg,0.0,0.0,1.18
dhdl_modified_1181.xvg,0.0,0.0,1.181
dhdl_modified_1182.xvg,0.0,0.0,1.182
dhdl_modified_1183.xvg,0.0,0.0,1.183
dhdl_modified_1184.xvg,0.0,0.0,1.184
dhdl_modified_1185.xvg,0.0,0.0,1.185
dhdl_modified_1186.xvg,0.0,0.0,1.186
dhdl_modified_1187.xvg,0.0,0.0,1.187
dhdl_modified_1188.xvg,0.0,0.0,1.188
dhdl_modified_1189.xvg,0.0,0.0,1.189
dhdl_modified_1190.xvg,0.0,0.0,1.19
dhdl_modified_1191.xvg,0.0,0.0,1.191
dhdl_modified_1192.xvg,0.0,0.0,1.192
dhdl_modified_1193.xvg,0.0,0.0,1.193
dhdl_modified_1194.xvg,0.0,0.0,1.194
dhdl_modified_1195.xvg,0.0,0.0,1.195
dhdl_modified_1196.xvg,0.0,0.0,1.196
dhdl_modified_1197.xvg,0.0,0.0,1.197
dhdl_modified_1198.xvg,0.0,0.0,1.198
dhdl_modified_1199.xvg,0.0,0.0,1.199
dhdl_modified_1200.xvg,0.0,0.0,1.2
dhdl_modified_1201.xvg,0.0,0.0,1.201
dhdl_modified_1202.xvg,0.0,0.0,1.202
dhdl_modified_1203.xvg,0.0,0.0,1.203
dhdl_modified_1204.xvg,0.0,0.0,1.204
dhdl_modified_1205.xvg,0.0,0.0,1.205
dhdl_modified_1206.xvg,0.0,0.0,1.206
dhdl_modified_1207.xvg,0.0,0.0,1.207
dhdl_modified_1208.xvg,0.0,0.0,1.208
dhdl_modified_1209.xvg,0.0,0.0,1.209
dhdl_modified_1210.xvg,0.0,0.0,1.21
dhdl_modified_1211.xvg,0.0,0.0,1.211
dhdl_modified_1212.xvg,0.0,0.0,1.212
dhdl_modified_1213.xvg,0.0,0.0,1.213
dhdl_modified_1214.xvg,0.0,0.0,1.214
dhdl_modified_1215.xvg,0.0,0.0,1.215
dhdl_modified_1216.xvg,0.0,0.0,1.216
dhdl_modified_1217.xvg,0.0,0.0,1.217
dhdl_modified_1218.xvg,0.0,0.0,1.218
dhdl_modified_1219.xvg,0.0,0.0,1.219
dhdl_modified_1220.xvg,0.0,0.0,1.22
dhdl_modified_1221.xvg,0.0,0.0,1.221
dhdl_modified_1222.xvg,0.0,0.0,1.222
dhdl_modified_1223.xvg,0.0,0.0,1.223
dhdl_modified_1224.xvg,0.0,0.0,1.224
dhdl_modified_1225.xvg,0.0,0.0,1.225
dhdl_modified_1226.xvg,0.0,0.0,1.226
dhdl_modified_1227.xvg,0.0,0.0,1.227
dhdl_modified_1228.xvg,0.0,0.0,1.228
dhdl_modified_1229.xvg,0.0,0.0,1.229
dhdl_modified_1230.xvg,0.0,0.0,1.23
dhdl_modified_1231.xvg,0.0,0.0,1.231
dhdl_modified_1232.xvg,0.0,0.0,1.232
dhdl_modified_1233.xvg,0.0,0.0,1.233
dhdl_modified_1234.xvg,0.0,0.0,1.234
dhdl_modified_1235.xvg,0.0,0.0,1.235
dhdl_modified_1236.xvg,0.0,0.0,1.236
dhdl_modified_1237.xvg,0.0,0.0,1.237
dhdl_modified_1238.xvg,0.0,0.0,1.238
dhdl_modified_1239.xvg,0.0,0.0,1.239
dhdl_modified_1240.xvg,0.0,0.0,1.24
dhdl_modified_1241.xvg,0.0,0.0,1.241
dhdl_modified_1242.xvg,0.0,0.0,1.242
dhdl_modified_1243.xvg,0.0,0.0,1.243
dhdl_modified_1244.xvg,0.0,0.0,1.244
dhdl_modified_1245.xvg,0.0,0.0,1.245
dhdl_modified_1246.xvg,0.0,0.0,1.246
dhdl_modified_1247.xvg,0.0,0.0,1.247
dhdl_modified_1248.xvg,0.0,0.0,1.248
dhdl_modified_1249.xvg,0.0,0.0,1.249
dhdl_modified_1250.xvg,0.0,0.0,1.25
dhdl_modified_1251.xvg,0.0,0.0,1.251
dhdl_modified_1252.xvg,0.0,0.0,1.252
dhdl_modified_1253.xvg,0.0,0.0,1.253
dhdl_modified_1254.xvg,0.0,0.0,1.254
dhdl_modified_1255.xvg,0.0,0.0,1.255
dhdl_modified_1256.xvg,0.0,0.0,1.256
dhdl_modified_1257.xvg,0.0,0.0,1.257
dhdl_modified_1258.xvg,0.0,0.0,1.258
dhdl_modified_1259.xvg,0.0,0.0,1.259
dhdl_modified_1260.xvg,0.0,0.0,1.26
dhdl_modified_1261.xvg,0.0,0.0,1.261
dhdl_modified_1262.xvg,0.0,0.0,1.262
dhdl_modified_1263.xvg,0.0,0.0,1.263
dhdl_modified_1264.xvg,0.0,0.0,1.264
dhdl_modified_1265.xvg,0.0,0.0,1.265
dhdl_modified_1266.xvg,0.0,0.0,1.266
dhdl_modified_1267.xvg,0.0,0.0,1.267
dhdl_modified_1268.xvg,0.0,0.0,1.268
dhdl_modified_1269.xvg,0.0,0.0,1.269
dhdl_modified_1270.xvg,0.0,0.0,1.27
dhdl_modified_1271.xvg,0.0,0.0,1.271
dhdl_modified_1272.xvg,0.0,0.0,1.272
dhdl_modified_1273.xvg,0.0,0.0,1.273
dhdl_modified_1274.xvg,0.0,0.0,1.274
dhdl_modified_1275.xvg,0.0,0.0,1.275
dhdl_modified_1276.xvg,0.0,0.0,1.276
dhdl_modified_1277.xvg,0.0,0.0,1.277
dhdl_modified_1278.xvg,0.0,0.0,1.278
dhdl_modified_1279.xvg,0.0,0.0,1.279
dhdl_modified_1280.xvg,0.0,0.0,1.28
dhdl_modified_1281.xvg,0.0,0.0,1.281
dhdl_modified_1282.xvg,0.0,0.0,1.282
dhdl_modified_1283.xvg,0.0,0.0,1.283
dhdl_modified_1284.xvg,0.0,0.0,1.284
dhdl_modified_1285.xvg,0.0,0.0,1.285
dhdl_modified_1286.xvg,0.0,0.0,1.286
dhdl_modified_1287.xvg,0.0,0.0,1.287
dhdl_modified_1288.xvg,0.0,0.0,1.288
dhdl_modified_1289.xvg,0.0,0.0,1.289
dhdl_modified_1290.xvg,0.0,0.0,1.29
dhdl_modified_1291.xvg,0.0,0.0,1.291
dhdl_modified_1292.xvg,0.0,0.0,1.292
dhdl_modified_1293.xvg,0.0,0.0,1.293
dhdl_modified_1294.xvg,0.0,0.0,1.294
dhdl_modified_1295.xvg,0.0,0.0,1.295
dhdl_modified_1296.xvg,0.0,0.0,1.296
dhdl_modified_1297.xvg,0.0,0.0,1.297
dhdl_modified_1298.xvg,0.0,0.0,1.298
dhdl_modified_1299.xvg,0.0,0.0,1.299
dhdl_modified_1300.xvg,0.0,0.0,1.3
dhdl_modified_1301.xvg,0.0,0.0,1.301
dhdl_modified_1302.xvg,0.0,0.0,1.302
dhdl_modified_1303.xvg,0.0,0.0,1.303
dhdl_modified_1304.xvg,0.0,0.0,1.304
dhdl_modified_1305.xvg,0.0,0.0,1.305
dhdl_modified_1306.xvg,0.0,0.0,1.306
dhdl_modified_1307.xvg,0.0,0.0,1.307
dhdl_modified_1308.xvg,0.0,0.0,1.308
dhdl_modified_1309.xvg,0.0,0.0,1.309
dhdl_modified_1310.xvg,0.0,0.0,1.31
dhdl_modified_1311.xvg,0.0,0.0,1.311
dhdl_modified_1312.xvg,0.0,0.0,1.312
dhdl_modified_1313.xvg,0.0,0.0,1.313
dhdl_modified_1314.xvg,0.0,0.0,1.314
dhdl_modified_1315.xvg,0.0,0.0,1.315
dhdl_modified_1316.xvg,0.0,0.0,1.316
dhdl_modified_1317.xvg,0.0,0.0,1.317
dhdl_modified_1318.xvg,0.0,0.0,1.318
dhdl_modified_1319.xvg,0.0,0.0,1.319
dhdl_modified_1320.xvg,0.0,0.0,1.32
dhdl_modified_1321.xvg,0.0,0.0,1.321
dhdl_modified_1322.xvg,0.0,0.0,1.322
dhdl_modified_1323.xvg,0.0,0.0,1.323
dhdl_modified_1324.xvg,0.0,0.0,1.324
dhdl_modified_1325.xvg,0.0,0.0,1.325
dhdl_modified_1326.xvg,0.0,0.0,1.326
dhdl_modified_1327.xvg,0.0,0.0,1.327
dhdl_modified_1328.xvg,0.0,0.0,1.328
dhdl_modified_1329.xvg,0.0,0.0,1.329
dhdl_modified_1330.xvg,0.0,0.0,1.33
dhdl_modified_1331.xvg,0.0,0.0,1.331
dhdl_modified_1332.xvg,0.0,0.0,1.332
dhdl_modified_1333.xvg,0.0,0.0,1.333
dhdl_modified_1334.xvg,0.0,0.0,1.334
dhdl_modified_1335.xvg,0.0,0.0,1.335
dhdl_modified_1336.xvg,0.0,0.0,1.336
dhdl_modified_1337.xvg,0.0,0.0,1.337
dhdl_modified_1338.xvg,0.0,0.0,1.338
dhdl_modified_1339.xvg,0.0,0.0,1.339
dhdl_modified_1340.xvg,0.0,0.0,1.34
dhdl_modified_1341.xvg,0.0,0.0,1.341
dhdl_modified_1342.xvg,0.0,0.0,1.342
dhdl_modified_1343.xvg,0.0,0.0,1.343
dhdl_modified_1344.xvg,0.0,0.0,1.344
dhdl_modified_1345.xvg,0.0,0.0,1.345
dhdl_modified_1346.xvg,0.0,0.0,1.346
dhdl_modified_1347.xvg,0.0,0.0,1.347
dhdl_modified_1348.xvg,0.0,0.0,1.348
dhdl_modified_1349.xvg,0.0,0.0,1.349
dhdl_modified_1350.xvg,0.0,0.0,1.35
dhdl_modified_1351.xvg,0.0,0.0,1.351
dhdl_modified_1352.xvg,0.0,0.0,1.352
dhdl_modified_1353.xvg,0.0,0.0,1.353
dhdl_modified_1354.xvg,0.0,0.0,1.354
dhdl_modified_1355.xvg,0.0,0.0,1.355
dhdl_modified_1356.xvg,0.0,0.0,1.356
dhdl_modified_1357.xvg,0.0,0.0,1.357
dhdl_modified_1358.xvg,0.0,0.0,1.358
dhdl_modified_1359.xvg,0.0,0.0,1.359
dhdl_modified_1360.xvg,0.0,0.0,1.36
dhdl_modified_1361.xvg,0.0,0.0,1.361
dhdl_modified_1362.xvg,0.0,0.0,1.362
dhdl_modified_1363.xvg,0.0,0.0,1.363
dhdl_modified_1364.xvg,0.0,0.0,1.364
dhdl_modified_1365.xvg,0.0,0.0,1.365
dhdl_modified_1366.xvg,0.0,0.0,1.366
dhdl_modified_1367.xvg,0.0,0.0,1.367
dhdl_modified_1368.xvg,0.0,0.0,1.368
dhdl_modified_1369.xvg,0.0,0.0,1.369
dhdl_modified_1370.xvg,0.0,0.0,1.37
dhdl_modified_1371.xvg,0.0,0.0,1.371
dhdl_modified_1372.xvg,0.0,0.0,1.372
dhdl_modified_1373.xvg,0.0,0.0,1.373
dhdl_modified_1374.xvg,0.0,0.0,1.374
dhdl_modified_1375.xvg,0.0,0.0,1.375
dhdl_modified_1376.xvg,0.0,0.0,1.376
dhdl_modified_1377.xvg,0.0,0.0,1.377
dhdl_modified_1378.xvg,0.0,0.0,1.378
dhdl_modified_1379.xvg,0.0,0.0,1.379
dhdl_modified_1380.xvg,0.0,0.0,1.38
dhdl_modified_1381.xvg,0.0,0.0,1.381
dhdl_modified_1382.xvg,0.0,0.0,1.382
dhdl_modified_1383.xvg,0.0,0.0,1.383
dhdl_modified_1384.xvg,0.0,0.0,1.384
dhdl_modified_1385.xvg,0.0,0.0,1.385
dhdl_modified_1386.xvg,0.0,0.0,1.386
dhdl_modified_1387.xvg,0.0,0.0,1.387
dhdl_modified_1388.xvg,0.0,0.0,1.388
dhdl_modified_1389.xvg,0.0,0.0,1.389
dhdl_modified_1390.xvg,0.0,0.0,1.39
dhdl_modified_1391.xvg,0.0,0.0,1.391
dhdl_modified_1392.xvg,0.0,0.0,1.392
dhdl_modified_1393.xvg,0.0,0.0,1.393
dhdl_modified_1394.xvg,0.0,0.0,1.394
dhdl_modified_1395.xvg,0.0,0.0,1.395
dhdl_modified_1396.xvg,0.0,0.0,1.396
dhdl_modified_1397.xvg,0.0,0.0,1.397
dhdl_modified_1398.xvg,0.0,0.0,1.398
dhdl_modified_1399.xvg,0.0,0.0,1.399
dhdl_modified_1400.xvg,0.0,0.0,1.4
dhdl_modified_1401.xvg,0.0,0.0,1.401
dhdl_modified_1402.xvg,0.0,0.0,1.402
dhdl_modified_1403.xvg,0.0,0.0,1.403
dhdl_modified_1404.xvg,0.0,0.0,1.404
dhdl_modified_1405.xvg,0.0,0.0,1.405
dhdl_modified_1406.xvg,0.0,0.0,1.406
dhdl_modified_1407.xvg,0.0,0.0,1.407
dhdl_modified_1408.xvg,0.0,0.0,1.408
dhdl_modified_1409.xvg,0.0,0.0,1.409
dhdl_modified_1410.xvg,0.0,0.0,1.41
dhdl_modified_1411.xvg,0.0,0.0,1.411
dhdl_modified_1412.xvg,0.0,0.0,1.412
dhdl_modified_1413.xvg,0.0,0.0,1.413
dhdl_modified_1414.xvg,0.0,0.0,1.414
dhdl_modified_1415.xvg,0.0,0.0,1.415
dhdl_modified_1416.xvg,0.0,0.0,1.416
dhdl_modified_1417.xvg,0.0,0.0,1.417
dhdl_modified_1418.xvg,0.0,0.0,1.418
dhdl_modified_1419.xvg,0.0,0.0,1.419
dhdl_modified_1420.xvg,0.0,0.0,1.42
dhdl_modified_1421.xvg,0.0,0.0,1.421
dhdl_modified_1422.xvg,0.0,0.0,1.422
dhdl_modified_1423.xvg,0.0,0.0,1.423
dhdl_modified_1424.xvg,0.0,0.0,1.424
dhdl_modified_1425.xvg,0.0,0.0,1.425
dhdl_modified_1426.xvg,0.0,0.0,1.426
dhdl_modified_1427.xvg,0.0,0.0,1.427
dhdl_modified_1428.xvg,0.0,0.0,1.428
dhdl_modified_1429.xvg,0.0,0.0,1.429
dhdl_modified_1430.xvg,0.0,0.0,1.43
dhdl_modified_1431.xvg,0.0,0.0,1.431
dhdl_modified_1432.xvg,0.0,0.0,1.432
dhdl_modified_1433.xvg,0.0,0.0,1.433
dhdl_modified_1434.xvg,0.0,0.0,1.434
dhdl_modified_1435.xvg,0.0,0.0,1.435
dhdl_modified_1436.xvg,0.0,0.0,1.436
dhdl_modified_1437.xvg,0.0,0.0,1.437
dhdl_modified_1438.xvg,0.0,0.0,1.438
dhdl_modified_1439.xvg,0.0,0.0,1.439
dhdl_modified_1440.xvg,0.0,0.0,1.44
dhdl_modified_1441.xvg,0.0,0.0,1.441
dhdl_modified_1442.xvg,0.0,0.0,1.442
dhdl_modified_1443.xvg,0.0,0.0,1.443
dhdl_modified_1444.xvg,0.0,0.0,1.444
dhdl_modified_1445.xvg,0.0,0.0,1.445
dhdl_modified_1446.xvg,0.0,0.0,1.446
dhdl_modified_1447.xvg,0.0,0.0,1.447
dhdl_modified_1448.xvg,0.0,0.0,1.448
dhdl_modified_1449.xvg,0.0,0.0,1.449
dhdl_modified_1450.xvg,0.0,0.0,1.45
dhdl_modified_1451.xvg,0.0,0.0,1.451
dhdl_modified_1452.xvg,0.0,0.0,1.452
dhdl_modified_1453.xvg,0.0,0.0,1.453
dhdl_modified_1454.xvg,0.0,0.0,1.454
dhdl_modified_1455.xvg,0.0,0.0,1.455
dhdl_modified_1456.xvg,0.0,0.0,1.456
dhdl_modified_1457.xvg,0.0,0.0,1.457
dhdl_modified_1458.xvg,0.0,0.0,1.458
dhdl_modified_1459.xvg,0.0,0.0,1.459
dhdl_modified_1460.xvg,0.0,0.0,1.46
dhdl_modified_1461.xvg,0.0,0.0,1.461
dhdl_modified_1462.xvg,0.0,0.0,1.462
dhdl_modified_1463.xvg,0.0,0.0,1.463
dhdl_modified_1464.xvg,0.0,0.0,1.464
dhdl_modified_1465.xvg,0.0,0.0,1.465
dhdl_modified_1466.xvg,0.0,0.0,1.466
dhdl_modified_1467.xvg,0.0,0.0,1.467
dhdl_modified_1468.xvg,0.0,0.0,1.468
dhdl_modified_1469.xvg,0.0,0.0,1.469
dhdl_modified_1470.xvg,0.0,0.0,1.47
dhdl_modified_1471.xvg,0.0,0.0,1.471
dhdl_modified_1472.xvg,0.0,0.0,1.472
dhdl_modified_1473.xvg,0.0,0.0,1.473
dhdl_modified_1474.xvg,0.0,0.0,1.474
dhdl_modified_1475.xvg,0.0,0.0,1.475
dhdl_modified_1476.xvg,0.0,0.0,1.476
dhdl_modified_1477.xvg,0.0,0.0,1.477
dhdl_modified_1478.xvg,0.0,0.0,1.478
dhdl_modified_1479.xvg,0.0,0.0,1.479
dhdl_modified_1480.xvg,0.0,0.0,1.48
dhdl_modified_1481.xvg,0.0,0.0,1.481
dhdl_modified_1482.xvg,0.0,0.0,1.482
dhdl_modified_1483.xvg,0.0,0.0,1.483
dhdl_modified_1484.xvg,0.0,0.0,1.484
dhdl_modified_1485.xvg,0.0,0.0,1.485
dhdl_modified_1486.xvg,0.0,0.0,1.486
dhdl_modified_1487.xvg,0.0,0.0,1.487
dhdl_modified_1488.xvg,0.0,0.0,1.488
dhdl_modified_1489.xvg,0.0,0.0,1.489
dhdl_modified_1490.xvg,0.0,0.0,1.49
dhdl_modified_1491.xvg,0.0,0.0,1.491
dhdl_modified_1492.xvg,0.0,0.0,1.492
dhdl_modified_1493.xvg,0.0,0.0,1.493
dhdl_modified_1494.xvg,0.0,0.0,1.494
dhdl_modified_1495.xvg,0.0,0.0,1.495
dhdl_modified_1496.xvg,0.0,0.0,1.496
dhdl_modified_1497.xvg,0.0,0.0,1.497
dhdl_modified_1498.xvg,0.0,0.0,1.498
dhdl_modified_1499.xvg,0.0,0.0,1.499
dhdl_modified_1500.xvg,0.0,0.0,1.5
dhdl_modified_1501.xvg,0.0,0.0,1.501
dhdl_modified_1502.xvg,0.0,0.0,1.502
dhdl_modified_1503.xvg,0.0,0.0,1.503
dhdl_modified_1504.xvg,0.0,0.0,1.504
dhdl_modified_1505.xvg,0.0,0.0,1.505
dhdl_modified_1506.xvg,0.0,0.0,1.506
dhdl_modified_1507.xvg,0.0,0.0,1.507
dhdl_modified_1508.xvg,0.0,0.0,1.508
dhdl_modified_1509.xvg,0.0,0.0,1.509
dhdl_modified_1510.xvg,0.0,0.0,1.51
dhdl_modified_1511.xvg,0.0,0.0,1.511
dhdl_modified_1512.xvg,0.0,0.0,1.512
dhdl_modified_1513.xvg,0.0,0.0,1.513
dhdl_modified_1514.xvg,0.0,0.0,1.514
dhdl_modified_1515.xvg,0.0,0.0,1.515
dhdl_modified_1516.xvg,0.0,0.0,1.516
dhdl_modified_1517.xvg,0.0,0.0,1.517
dhdl_modified_1518.xvg,0.0,0.0,1.518
dhdl_modified_1519.xvg,0.0,0.0,1.519
dhdl_modified_1520.xvg,0.0,0.0,1.52
dhdl_modified_1521.xvg,0.0,0.0,1.521
dhdl_modified_1522.xvg,0.0,0.0,1.522
dhdl_modified_1523.xvg,0.0,0.0,1.523
dhdl_modified_1524.xvg,0.0,0.0,1.524
dhdl_modified_1525.xvg,0.0,0.0,1.525
dhdl_modified_1526.xvg,0.0,0.0,1.526
dhdl_modified_1527.xvg,0.0,0.0,1.527
dhdl_modified_1528.xvg,0.0,0.0,1.528
dhdl_modified_1529.xvg,0.0,0.0,1.529
dhdl_modified_1530.xvg,0.0,0.0,1.53
dhdl_modified_1531.xvg,0.0,0.0,1.531
dhdl_modified_1532.xvg,0.0,0.0,1.532
dhdl_modified_1533.xvg,0.0,0.0,1.533
dhdl_modified_1534.xvg,0.0,0.0,1.534
dhdl_modified_1535.xvg,0.0,0.0,1.535
dhdl_modified_1536.xvg,0.0,0.0,1.536
dhdl_modified_1537.xvg,0.0,0.0,1.537
dhdl_modified_1538.xvg,0.0,0.0,1.538
dhdl_modified_1539.xvg,0.0,0.0,1.539
dhdl_modified_1540.xvg,0.0,0.0,1.54
dhdl_modified_1541.xvg,0.0,0.0,1.541
dhdl_modified_1542.xvg,0.0,0.0,1.542
dhdl_modified_1543.xvg,0.0,0.0,1.543
dhdl_modified_1544.xvg,0.0,0.0,1.544
dhdl_modified_1545.xvg,0.0,0.0,1.545
dhdl_modified_1546.xvg,0.0,0.0,1.546
dhdl_modified_1547.xvg,0.0,0.0,1.547
dhdl_modified_1548.xvg,0.0,0.0,1.548
dhdl_modified_1549.xvg,0.0,0.0,1.549
dhdl_modified_1550.xvg,0.0,0.0,1.55
dhdl_modified_1551.xvg,0.0,0.0,1.551
dhdl_modified_1552.xvg,0.0,0.0,1.552
dhdl_modified_1553.xvg,0.0,0.0,1.553
dhdl_modified_1554.xvg,0.0,0.0,1.554
dhdl_modified_1555.xvg,0.0,0.0,1.555
dhdl_modified_1556.xvg,0.0,0.0,1.556
dhdl_modified_1557.xvg,0.0,0.0,1.557
dhdl_modified_1558.xvg,0.0,0.0,1.558
dhdl_modified_1559.xvg,0.0,0.0,1.559
dhdl_modified_1560.xvg,0.0,0.0,1.56
dhdl_modified_1561.xvg,0.0,0.0,1.561
dhdl_modified_1562.xvg,0.0,0.0,1.562
dhdl_modified_1563.xvg,0.0,0.0,1.563
dhdl_modified_1564.xvg,0.0,0.0,1.564
dhdl_modified_1565.xvg,0.0,0.0,1.565
dhdl_modified_1566.xvg,0.0,0.0,1.566
dhdl_modified_1567.xvg,0.0,0.0,1.567
dhdl_modified_1568.xvg,0.0,0.0,1.568
dhdl_modified_1569.xvg,0.0,0.0,1.569
dhdl_modified_1570.xvg,0.0,0.0,1.57
dhdl_modified_1571.xvg,0.0,0.0,1.571
dhdl_modified_1572.xvg,0.0,0.0,1.572
dhdl_modified_1573.xvg,0.0,0.0,1.573
dhdl_modified_1574.xvg,0.0,0.0,1.574
dhdl_modified_1575.xvg,0.0,0.0,1.575
dhdl_modified_1576.xvg,0.0,0.0,1.576
dhdl_modified_1577.xvg,0.0,0.0,1.577
dhdl_modified_1578.xvg,0.0,0.0,1.578
dhdl_modified_1579.xvg,0.0,0.0,1.579
dhdl_modified_1580.xvg,0.0,0.0,1.58
dhdl_modified_1581.xvg,0.0,0.0,1.581
dhdl_modified_1582.xvg,0.0,0.0,1.582
dhdl_modified_1583.xvg,0.0,0.0,1.583
dhdl_modified_1584.xvg,0.0,0.0,1.584
dhdl_modified_1585.xvg,0.0,0.0,1.585
dhdl_modified_1586.xvg,0.0,0.0,1.586
dhdl_modified_1587.xvg,0.0,0.0,1.587
dhdl_modified_1588.xvg,0.0,0.0,1.588
dhdl_modified_1589.xvg,0.0,0.0,1.589
dhdl_modified_1590.xvg,0.0,0.0,1.59
dhdl_modified_1591.xvg,0.0,0.0,1.591
dhdl_modified_1592.xvg,0.0,0.0,1.592
dhdl_modified_1593.xvg,0.0,0.0,1.593
dhdl_modified_1594.xvg,0.0,0.0,1.594
dhdl_modified_1595.xvg,0.0,0.0,1.595
dhdl_modified_1596.xvg,0.0,0.0,1.596
dhdl_modified_1597.xvg,0.0,0.0,1.597
dhdl_modified_1598.xvg,0.0,0.0,1.598
dhdl_modified_1599.xvg,0.0,0.0,1.599
dhdl_modified_1600.xvg,0.0,0.0,1.6
dhdl_modified_1601.xvg,0.0,0.0,1.601
dhdl_modified_1602.xvg,0.0,0.0,1.602
dhdl_modified_1603.xvg,0.0,0.0,1.603
dhdl_modified_1604.xvg,0.0,0.0,1.604
dhdl_modified_1605.xvg,0.0,0.0,1.605
dhdl_modified_1606.xvg,0.0,0.0,1.606
dhdl_modified_1607.xvg,0.0,0.0,1.607
dhdl_modified_1608.xvg,0.0,0.0,1.608
dhdl_modified_1609.xvg,0.0,0.0,1.609
dhdl_modified_1610.xvg,0.0,0.0,1.61
dhdl_modified_1611.xvg,0.0,0.0,1.611
dhdl_modified_1612.xvg,0.0,0.0,1.612
dhdl_modified_1613.xvg,0.0,0.0,1.613
dhdl_modified_1614.xvg,0.0,0.0,1.614
dhdl_modified_1615.xvg,0.0,0.0,1.615
dhdl_modified_1616.xvg,0.0,0.0,1.616
dhdl_modified_1617.xvg,0.0,0.0,1.617
dhdl_modified_1618.xvg,0.0,0.0,1.618
dhdl_modified_1619.xvg,0.0,0.0,1.619
dhdl_modified_1620.xvg,0.0,0.0,1.62
dhdl_modified_1621.xvg,0.0,0.0,1.621
dhdl_modified_1622.xvg,0.0,0.0,1.622
dhdl_modified_1623.xvg,0.0,0.0,1.623
dhdl_modified_1624.xvg,0.0,0.0,1.624
dhdl_modified_1625.xvg,0.0,0.0,1.625
dhdl_modified_1626.xvg,0.0,0.0,1.626
dhdl_modified_1627.xvg,0.0,0.0,1.627
dhdl_modified_1628.xvg,0.0,0.0,1.628
dhdl_modified_1629.xvg,0.0,0.0,1.629
dhdl_modified_1630.xvg,0.0,0.0,1.63
dhdl_modified_1631.xvg,0.0,0.0,1.631
dhdl_modified_1632.xvg,0.0,0.0,1.632
dhdl_modified_1633.xvg,0.0,0.0,1.633
dhdl_modified_1634.xvg,0.0,0.0,1.634
dhdl_modified_1635.xvg,0.0,0.0,1.635
dhdl_modified_1636.xvg,0.0,0.0,1.636
dhdl_modified_1637.xvg,0.0,0.0,1.637
dhdl_modified_1638.xvg,0.0,0.0,1.638
dhdl_modified_1639.xvg,0.0,0.0,1.639
dhdl_modified_1640.xvg,0.0,0.0,1.64
dhdl_modified_1641.xvg,0.0,0.0,1.641
dhdl_modified_1642.xvg,0.0,0.0,1.642
dhdl_modified_1643.xvg,0.0,0.0,1.643
dhdl_modified_1644.xvg,0.0,0.0,1.644
dhdl_modified_1645.xvg,0.0,0.0,1.645
dhdl_modified_1646.xvg,0.0,0.0,1.646
dhdl_modified_1647.xvg,0.0,0.0,1.647
dhdl_modified_1648.xvg,0.0,0.0,1.648
dhdl_modified_1649.xvg,0.0,0.0,1.649
dhdl_modified_1650.xvg,0.0,0.0,1.65
dhdl_modified_1651.xvg,0.0,0.0,1.651
dhdl_modified_1652.xvg,0.0,0.0,1.652
dhdl_modified_1653.xvg,0.0,0.0,1.653
dhdl_modified_1654.xvg,0.0,0.0,1.654
dhdl_modified_1655.xvg,0.0,0.0,1.655
dhdl_modified_1656.xvg,0.0,0.0,1.656
dhdl_modified_1657.xvg,0.0,0.0,1.657
dhdl_modified_1658.xvg,0.0,0.0,1.658
dhdl_modified_1659.xvg,0.0,0.0,1.659
dhdl_modified_1660.xvg,0.0,0.0,1.66
dhdl_modified_1661.xvg,0.0,0.0,1.661
dhdl_modified_1662.xvg,0.0,0.0,1.662
dhdl_modified_1663.xvg,0.0,0.0,1.663
dhdl_modified_1664.xvg,0.0,0.0,1.664
dhdl_modified_1665.xvg,0.0,0.0,1.665
dhdl_modified_1666.xvg,0.0,0.0,1.666
dhdl_modified_1667.xvg,0.0,0.0,1.667
dhdl_modified_1668.xvg,0.0,0.0,1.668
dhdl_modified_1669.xvg,0.0,0.0,1.669
dhdl_modified_1670.xvg,0.0,0.0,1.67
dhdl_modified_1671.xvg,0.0,0.0,1.671
dhdl_modified_1672.xvg,0.0,0.0,1.672
dhdl_modified_1673.xvg,0.0,0.0,1.673
dhdl_modified_1674.xvg,0.0,0.0,1.674
dhdl_modified_1675.xvg,0.0,0.0,1.675
dhdl_modified_1676.xvg,0.0,0.0,1.676
dhdl_modified_1677.xvg,0.0,0.0,1.677
dhdl_modified_1678.xvg,0.0,0.0,1.678
dhdl_modified_1679.xvg,0.0,0.0,1.679
dhdl_modified_1680.xvg,0.0,0.0,1.68
dhdl_modified_1681.xvg,0.0,0.0,1.681
dhdl_modified_1682.xvg,0.0,0.0,1.682
dhdl_modified_1683.xvg,0.0,0.0,1.683
dhdl_modified_1684.xvg,0.0,0.0,1.684
dhdl_modified_1685.xvg,0.0,0.0,1.685
dhdl_modified_1686.xvg,0.0,0.0,1.686
dhdl_modified_1687.xvg,0.0,0.0,1.687
dhdl_modified_1688.xvg,0.0,0.0,1.688
dhdl_modified_1689.xvg,0.0,0.0,1.689
dhdl_modified_1690.xvg,0.0,0.0,1.69
dhdl_modified_1691.xvg,0.0,0.0,1.691
dhdl_modified_1692.xvg,0.0,0.0,1.692
dhdl_modified_1693.xvg,0.0,0.0,1.693
dhdl_modified_1694.xvg,0.0,0.0,1.694
dhdl_modified_1695.xvg,0.0,0.0,1.695
dhdl_modified_1696.xvg,0.0,0.0,1.696
dhdl_modified_1697.xvg,0.0,0.0,1.697
dhdl_modified_1698.xvg,0.0,0.0,1.698
dhdl_modified_1699.xvg,0.0,0.0,1.699
dhdl_modified_1700.xvg,0.0,0.0,1.7
dhdl_modified_1701.xvg,0.0,0.0,1.701
dhdl_modified_1702.xvg,0.0,0.0,1.702
dhdl_modified_1703.xvg,0.0,0.0,1.703
dhdl_modified_1704.xvg,0.0,0.0,1.704
dhdl_modified_1705.xvg,0.0,0.0,1.705
dhdl_modified_1706.xvg,0.0,0.0,1.706
dhdl_modified_1707.xvg,0.0,0.0,1.707
dhdl_modified_1708.xvg,0.0,0.0,1.708
dhdl_modified_1709.xvg,0.0,0.0,1.709
dhdl_modified_1710.xvg,0.0,0.0,1.71
dhdl_modified_1711.xvg,0.0,0.0,1.711
dhdl_modified_1712.xvg,0.0,0.0,1.712
dhdl_modified_1713.xvg,0.0,0.0,1.713
dhdl_modified_1714.xvg,0.0,0.0,1.714
dhdl_modified_1715.xvg,0.0,0.0,1.715
dhdl_modified_1716.xvg,0.0,0.0,1.716
dhdl_modified_1717.xvg,0.0,0.0,1.717
dhdl_modified_1718.xvg,0.0,0.0,1.718
dhdl_modified_1719.xvg,0.0,0.0,1.719
dhdl_modified_1720.xvg,0.0,0.0,1.72
dhdl_modified_1721.xvg,0.0,0.0,1.721
dhdl_modified_1722.xvg,0.0,0.0,1.722
dhdl_modified_1723.xvg,0.0,0.0,1.723
dhdl_modified_1724.xvg,0.0,0.0,1.724
dhdl_modified_1725.xvg,0.0,0.0,1.725
dhdl_modified_1726.xvg,0.0,0.0,1.726
dhdl_modified_1727.xvg,0.0,0.0,1.727
dhdl_modified_1728.xvg,0.0,0.0,1.728
dhdl_modified_1729.xvg,0.0,0.0,1.729
dhdl_modified_1730.xvg,0.0,0.0,1.73
dhdl_modified_1731.xvg,0.0,0.0,1.731
dhdl_modified_1732.xvg,0.0,0.0,1.732
dhdl_modified_1733.xvg,0.0,0.0,1.733
dhdl_modified_1734.xvg,0.0,0.0,1.734
dhdl_modified_1735.xvg,0.0,0.0,1.735
dhdl_modified_1736.xvg,0.0,0.0,1.736
dhdl_modified_1737.xvg,0.0,0.0,1.737
dhdl_modified_1738.xvg,0.0,0.0,1.738
dhdl_modified_1739.xvg,0.0,0.0,1.739
dhdl_modified_1740.xvg,0.0,0.0,1.74
dhdl_modified_1741.xvg,0.0,0.0,1.741
dhdl_modified_1742.xvg,0.0,0.0,1.742
dhdl_modified_1743.xvg,0.0,0.0,1.743
dhdl_modified_1744.xvg,0.0,0.0,1.744
dhdl_modified_1745.xvg,0.0,0.0,1.745
dhdl_modified_1746.xvg,0.0,0.0,1.746
dhdl_modified_1747.xvg,0.0,0.0,1.747
dhdl_modified_1748.xvg,0.0,0.0,1.748
dhdl_modified_1749.xvg,0.0,0.0,1.749
dhdl_modified_1750.xvg,0.0,0.0,1.75
dhdl_modified_1751.xvg,0.0,0.0,1.751
dhdl_modified_1752.xvg,0.0,0.0,1.752
dhdl_modified_1753.xvg,0.0,0.0,1.753
dhdl_modified_1754.xvg,0.0,0.0,1.754
dhdl_modified_1755.xvg,0.0,0.0,1.755
dhdl_modified_1756.xvg,0.0,0.0,1.756
dhdl_modified_1757.xvg,0.0,0.0,1.757
dhdl_modified_1758.xvg,0.0,0.0,1.758
dhdl_modified_1759.xvg,0.0,0.0,1.759
dhdl_modified_1760.xvg,0.0,0.0,1.76
dhdl_modified_1761.xvg,0.0,0.0,1.761
dhdl_modified_1762.xvg,0.0,0.0,1.762
dhdl_modified_1763.xvg,0.0,0.0,1.763
dhdl_modified_1764.xvg,0.0,0.0,1.764
dhdl_modified_1765.xvg,0.0,0.0,1.765
dhdl_modified_1766.xvg,0.0,0.0,1.766
dhdl_modified_1767.xvg,0.0,0.0,1.767
dhdl_modified_1768.xvg,0.0,0.0,1.768
dhdl_modified_1769.xvg,0.0,0.0,1.769
dhdl_modified_1770.xvg,0.0,0.0,1.77
dhdl_modified_1771.xvg,0.0,0.0,1.771
dhdl_modified_1772.xvg,0.0,0.0,1.772
dhdl_modified_1773.xvg,0.0,0.0,1.773
dhdl_modified_1774.xvg,0.0,0.0,1.774
dhdl_modified_1775.xvg,0.0,0.0,1.775
dhdl_modified_1776.xvg,0.0,0.0,1.776
dhdl_modified_1777.xvg,0.0,0.0,1.777
dhdl_modified_1778.xvg,0.0,0.0,1.778
dhdl_modified_1779.xvg,0.0,0.0,1.779
dhdl_modified_1780.xvg,0.0,0.0,1.78
dhdl_modified_1781.xvg,0.0,0.0,1.781
dhdl_modified_1782.xvg,0.0,0.0,1.782
dhdl_modified_1783.xvg,0.0,0.0,1.783
dhdl_modified_1784.xvg,0.0,0.0,1.784
dhdl_modified_1785.xvg,0.0,0.0,1.785
dhdl_modified_1786.xvg,0.0,0.0,1.786
dhdl_modified_1787.xvg,0.0,0.0,1.787
dhdl_modified_1788.xvg,0.0,0.0,1.788
dhdl_modified_1789.xvg,0.0,0.0,1.789
dhdl_modified_1790.xvg,0.0,0.0,1.79
dhdl_modified_1791.xvg,0.0,0.0,1.791
dhdl_modified_1792.xvg,0.0,0.0,1.792
dhdl_modified_1793.xvg,0.0,0.0,1.793
dhdl_modified_1794.xvg,0.0,0.0,1.794
dhdl_modified_1795.xvg,0.0,0.0,1.795
dhdl_modified_1796.xvg,0.0,0.0,1.796
dhdl_modified_1797.xvg,0.0,0.0,1.797
dhdl_modified_1798.xvg,0.0,0.0,1.798
dhdl_modified_1799.xvg,0.0,0.0,1.799
dhdl_modified_1800.xvg,0.0,0.0,1.8
dhdl_modified_1801.xvg,0.0,0.0,1.801
dhdl_modified_1802.xvg,0.0,0.0,1.802
dhdl_modified_1803.xvg,0.0,0.0,1.803
dhdl_modified_1804.xvg,0.0,0.0,1.804
dhdl_modified_1805.xvg,0.0,0.0,1.805
dhdl_modified_1806.xvg,0.0,0.0,1.806
dhdl_modified_1807.xvg,0.0,0.0,1.807
dhdl_modified_1808.xvg,0.0,0.0,1.808
dhdl_modified_1809.xvg,0.0,0.0,1.809
dhdl_modified_1810.xvg,0.0,0.0,1.81
dhdl_modified_1811.xvg,0.0,0.0,1.811
dhdl_modified_1812.xvg,0.0,0.0,1.812
dhdl_modified_1813.xvg,0.0,0.0,1.813
dhdl_modified_1814.xvg,0.0,0.0,1.814
dhdl_modified_1815.xvg,0.0,0.0,1.815
dhdl_modified_1816.xvg,0.0,0.0,1.816
dhdl_modified_1817.xvg,0.0,0.0,1.817
dhdl_modified_1818.xvg,0.0,0.0,1.818
dhdl_modified_1819.xvg,0.0,0.0,1.819
dhdl_modified_1820.xvg,0.0,0.0,1.82
dhdl_modified_1821.xvg,0.0,0.0,1.821
dhdl_modified_1822.xvg,0.0,0.0,1.822
dhdl_modified_1823.xvg,0.0,0.0,1.823
dhdl_modified_1824.xvg,0.0,0.0,1.824
dhdl_modified_1825.xvg,0.0,0.0,1.825
dhdl_modified_1826.xvg,0.0,0.0,1.826
dhdl_modified_1827.xvg,0.0,0.0,1.827
dhdl_modified_1828.xvg,0.0,0.0,1.828
dhdl_modified_1829.xvg,0.0,0.0,1.829
dhdl_modified_1830.xvg,0.0,0.0,1.83
dhdl_modified_1831.xvg,0.0,0.0,1.831
dhdl_modified_1832.xvg,0.0,0.0,1.832
dhdl_modified_1833.xvg,0.0,0.0,1.833
dhdl_modified_1834.xvg,0.0,0.0,1.834
dhdl_modified_1835.xvg,0.0,0.0,1.835
dhdl_modified_1836.xvg,0.0,0.0,1.836
dhdl_modified_1837.xvg,0.0,0.0,1.837
dhdl_modified_1838.xvg,0.0,0.0,1.838
dhdl_modified_1839.xvg,0.0,0.0,1.839
dhdl_modified_1840.xvg,0.0,0.0,1.84
dhdl_modified_1841.xvg,0.0,0.0,1.841
dhdl_modified_1842.xvg,0.0,0.0,1.842
dhdl_modified_1843.xvg,0.0,0.0,1.843
dhdl_modified_1844.xvg,0.0,0.0,1.844
dhdl_modified_1845.xvg,0.0,0.0,1.845
dhdl_modified_1846.xvg,0.0,0.0,1.846
dhdl_modified_1847.xvg,0.0,0.0,1.847
dhdl_modified_1848.xvg,0.0,0.0,1.848
dhdl_modified_1849.xvg,0.0,0.0,1.849
dhdl_modified_1850.xvg,0.0,0.0,1.85
dhdl_modified_1851.xvg,0.0,0.0,1.851
dhdl_modified_1852.xvg,0.0,0.0,1.852
dhdl_modified_1853.xvg,0.0,0.0,1.853
dhdl_modified_1854.xvg,0.0,0.0,1.854
dhdl_modified_1855.xvg,0.0,0.0,1.855
dhdl_modified_1856.xvg,0.0,0.0,1.856
dhdl_modified_1857.xvg,0.0,0.0,1.857
dhdl_modified_1858.xvg,0.0,0.0,1.858
dhdl_modified_1859.xvg,0.0,0.0,1.859
dhdl_modified_1860.xvg,0.0,0.0,1.86
dhdl_modified_1861.xvg,0.0,0.0,1.861
dhdl_modified_1862.xvg,0.0,0.0,1.862
dhdl_modified_1863.xvg,0.0,0.0,1.863
dhdl_modified_1864.xvg,0.0,0.0,1.864
dhdl_modified_1865.xvg,0.0,0.0,1.865
dhdl_modified_1866.xvg,0.0,0.0,1.866
dhdl_modified_1867.xvg,0.0,0.0,1.867
dhdl_modified_1868.xvg,0.0,0.0,1.868
dhdl_modified_1869.xvg,0.0,0.0,1.869
dhdl_modified_1870.xvg,0.0,0.0,1.87
dhdl_modified_1871.xvg,0.0,0.0,1.871
dhdl_modified_1872.xvg,0.0,0.0,1.872
dhdl_modified_1873.xvg,0.0,0.0,1.873
dhdl_modified_1874.xvg,0.0,0.0,1.874
dhdl_modified_1875.xvg,0.0,0.0,1.875
dhdl_modified_1876.xvg,0.0,0.0,1.876
dhdl_modified_1877.xvg,0.0,0.0,1.877
dhdl_modified_1878.xvg,0.0,0.0,1.878
dhdl_modified_1879.xvg,0.0,0.0,1.879
dhdl_modified_1880.xvg,0.0,0.0,1.88
dhdl_modified_1881.xvg,0.0,0.0,1.881
dhdl_modified_1882.xvg,0.0,0.0,1.882
dhdl_modified_1883.xvg,0.0,0.0,1.883
dhdl_modified_1884.xvg,0.0,0.0,1.884
dhdl_modified_1885.xvg,0.0,0.0,1.885
dhdl_modified_1886.xvg,0.0,0.0,1.886
dhdl_modified_1887.xvg,0.0,0.0,1.887
dhdl_modified_1888.xvg,0.0,0.0,1.888
dhdl_modified_1889.xvg,0.0,0.0,1.889
dhdl_modified_1890.xvg,0.0,0.0,1.89
dhdl_modified_1891.xvg,0.0,0.0,1.891
dhdl_modified_1892.xvg,0.0,0.0,1.892
dhdl_modified_1893.xvg,0.0,0.0,1.893
dhdl_modified_1894.xvg,0.0,0.0,1.894
dhdl_modified_1895.xvg,0.0,0.0,1.895
dhdl_modified_1896.xvg,0.0,0.0,1.896
dhdl_modified_1897.xvg,0.0,0.0,1.897
dhdl_modified_1898.xvg,0.0,0.0,1.898
dhdl_modified_1899.xvg,0.0,0.0,1.899
dhdl_modified_1900.xvg,0.0,0.0,1.9
dhdl_modified_1901.xvg,0.0,0.0,1.901
dhdl_modified_1902.xvg,0.0,0.0,1.902
dhdl_modified_1903.xvg,0.0,0.0,1.903
dhdl_modified_1904.xvg,0.0,0.0,1.904
dhdl_modified_1905.xvg,0.0,0.0,1.905
dhdl_modified_1906.xvg,0.0,0.0,1.906
dhdl_modified_1907.xvg,0.0,0.0,1.907
dhdl_modified_1908.xvg,0.0,0.0,1.908
dhdl_modified_1909.xvg,0.0,0.0,1.909
dhdl_modified_1910.xvg,0.0,0.0,1.91
dhdl_modified_1911.xvg,0.0,0.0,1.911
dhdl_modified_1912.xvg,0.0,0.0,1.912
dhdl_modified_1913.xvg,0.0,0.0,1.913
dhdl_modified_1914.xvg,0.0,0.0,1.914
dhdl_modified_1915.xvg,0.0,0.0,1.915
dhdl_modified_1916.xvg,0.0,0.0,1.916
dhdl_modified_1917.xvg,0.0,0.0,1.917
dhdl_modified_1918.xvg,0.0,0.0,1.918
dhdl_modified_1919.xvg,0.0,0.0,1.919
dhdl_modified_1920.xvg,0.0,0.0,1.92
dhdl_modified_1921.xvg,0.0,0.0,1.921
dhdl_modified_1922.xvg,0.0,0.0,1.922
dhdl_modified_1923.xvg,0.0,0.0,1.923
dhdl_modified_1924.xvg,0.0,0.0,1.924
dhdl_modified_1925.xvg,0.0,0.0,1.925
dhdl_modified_1926.xvg,0.0,0.0,1.926
dhdl_modified_1927.xvg,0.0,0.0,1.927
dhdl_modified_1928.xvg,0.0,0.0,1.928
dhdl_modified_1929.xvg,0.0,0.0,1.929
dhdl_modified_1930.xvg,0.0,0.0,1.93
dhdl_modified_1931.xvg,0.0,0.0,1.931
dhdl_modified_1932.xvg,0.0,0.0,1.932
dhdl_modified_1933.xvg,0.0,0.0,1.933
dhdl_modified_1934.xvg,0.0,0.0,1.934
dhdl_modified_1935.xvg,0.0,0.0,1.935
dhdl_modified_1936.xvg,0.0,0.0,1.936
dhdl_modified_1937.xvg,0.0,0.0,1.937
dhdl_modified_1938.xvg,0.0,0.0,1.938
dhdl_modified_1939.xvg,0.0,0.0,1.939
dhdl_modified_1940.xvg,0.0,0.0,1.94
dhdl_modified_1941.xvg,0.0,0.0,1.941
dhdl_modified_1942.xvg,0.0,0.0,1.942
dhdl_modified_1943.xvg,0.0,0.0,1.943
dhdl_modified_1944.xvg,0.0,0.0,1.944
dhdl_modified_1945.xvg,0.0,0.0,1.945
dhdl_modified_1946.xvg,0.0,0.0,1.946
dhdl_modified_1947.xvg,0.0,0.0,1.947
dhdl_modified_1948.xvg,0.0,0.0,1.948
dhdl_modified_1949.xvg,0.0,0.0,1.949
dhdl_modified_1950.xvg,0.0,0.0,1.95
dhdl_modified_1951.xvg,0.0,0.0,1.951
dhdl_modified_1952.xvg,0.0,0.0,1.952
dhdl_modified_1953.xvg,0.0,0.0,1.953
dhdl_modified_1954.xvg,0.0,0.0,1.954
dhdl_modified_1955.xvg,0.0,0.0,1.955
dhdl_modified_1956.xvg,0.0,0.0,1.956
dhdl_modified_1957.xvg,0.0,0.0,1.957
dhdl_modified_1958.xvg,0.0,0.0,1.958
dhdl_modified_1959.xvg,0.0,0.0,1.959
dhdl_modified_1960.xvg,0.0,0.0,1.96
dhdl_modified_1961.xvg,0.0,0.0,1.961
dhdl_modified_1962.xvg,0.0,0.0,1.962
dhdl_modified_1963.xvg,0.0,0.0,1.963
dhdl_modified_1964.xvg,0.0,0.0,1.964
dhdl_modified_1965.xvg,0.0,0.0,1.965
dhdl_modified_1966.xvg,0.0,0.0,1.966
dhdl_modified_1967.xvg,0.0,0.0,1.967
dhdl_modified_1968.xvg,0.0,0.0,1.968
dhdl_modified_1969.xvg,0.0,0.0,1.969
dhdl_modified_1970.xvg,0.0,0.0,1.97
dhdl_modified_1971.xvg,0.0,0.0,1.971
dhdl_modified_1972.xvg,0.0,0.0,1.972
dhdl_modified_1973.xvg,0.0,0.0,1.973
dhdl_modified_1974.xvg,0.0,0.0,1.974
dhdl_modified_1975.xvg,0.0,0.0,1.975
dhdl_modified_1976.xvg,0.0,0.0,1.976
dhdl_modified_1977.xvg,0.0,0.0,1.977
dhdl_modified_1978.xvg,0.0,0.0,1.978
dhdl_modified_1979.xvg,0.0,0.0,1.979
dhdl_modified_1980.xvg,0.0,0.0,1.98
dhdl_modified_1981.xvg,0.0,0.0,1.981
dhdl_modified_1982.xvg,0.0,0.0,1.982
dhdl_modified_1983.xvg,0.0,0.0,1.983
dhdl_modified_1984.xvg,0.0,0.0,1.984
dhdl_modified_1985.xvg,0.0,0.0,1.985
dhdl_modified_1986.xvg,0.0,0.0,1.986
dhdl_modified_1987.xvg,0.0,0.0,1.987
dhdl_modified_1988.xvg,0.0,0.0,1.988
dhdl_modified_1989.xvg,0.0,0.0,1.989
dhdl_modified_1990.xvg,0.0,0.0,1.99
dhdl_modified_1991.xvg,0.0,0.0,1.991
dhdl_modified_1992.xvg,0.0,0.0,1.992
dhdl_modified_1993.xvg,0.0,0.0,1.993
dhdl_modified_1994.xvg,0.0,0.0,1.994
dhdl_modified_1995.xvg,0.0,0.0,1.995
dhdl_modified_1996.xvg,0.0,0.0,1.996
dhdl_modified_1997.xvg,0.0,0.0,1.997
dhdl_modified_1998.xvg,0.0,0.0,1.998
dhdl_modified_1999.xvg,0.0,0.0,1.999
